Num,Name,PROTEIN,FAT,CARBON HYDRATE,KCAL
1,アマランサス　玄穀,12.7,6.0,64.9,343
2,あわ　精白粒,11.2,4.4,69.7,346
3,あわ　あわもち,5.1,1.3,45.3,210
4,えんばく　オートミール,13.7,5.7,69.1,350
5,おおむぎ　七分つき押麦,10.9,2.1,72.1,343
6,おおむぎ　押麦　乾,6.7,1.5,78.3,329
7,おおむぎ　押麦　めし,2.2,0.5,28.5,118
8,おおむぎ　米粒麦,7.0,2.1,76.2,333
9,おおむぎ　大麦めん　乾,12.9,1.7,68.0,343
10,おおむぎ　大麦めん　ゆで,4.8,0.6,24.3,121
11,おおむぎ　麦こがし,12.5,5.0,77.1,368
12,キヌア　玄穀,13.4,3.2,69.0,344
13,きび　精白粒,11.3,3.3,70.9,353
14,こむぎ　　国産　普通,10.8,3.1,72.1,329
15,こむぎ　　輸入　軟質,10.1,3.3,75.2,344
16,こむぎ　　輸入　硬質,13.0,3.0,69.4,332
17,薄力粉　1等,8.3,1.5,75.8,349
18,薄力粉　2等,9.3,1.9,74.3,345
19,中力粉　1等,9.0,1.6,75.1,337
20,中力粉　2等,9.7,1.8,74.0,346
21,強力粉　1等,11.8,1.5,71.7,337
22,強力粉　2等,12.6,1.7,70.6,343
23,強力粉　全粒粉,12.8,2.9,68.2,320
24,プレミックス粉　お好み焼き用,10.1,1.9,73.6,335
25,プレミックス粉　ホットケーキ用,7.8,4.0,74.4,360
26,プレミックス粉　から揚げ用,10.2,1.2,70.0,311
27,プレミックス粉　天ぷら用,8.8,1.3,76.1,337
28,プレミックス粉　天ぷら用　バッター,3.3,0.5,30.2,136
29,プレミックス粉　天ぷら用　バッター　揚げ,4.3,47.7,37.0,588
30,角形食パン　食パン,8.9,4.1,46.4,248
31,角形食パン　焼き,9.7,4.5,50.6,269
32,角形食パン　耳を除いたもの,8.2,3.7,42.6,226
33,角形食パン　耳,9.7,4.5,50.8,273
34,食パン　リーンタイプ,8.0,3.7,47.5,246
35,食パン　リッチタイプ,7.8,6.0,45.6,256
36,山形食パン　食パン,7.8,3.5,47.9,246
37,コッペパン,8.5,3.8,49.1,259
38,乾パン,9.5,4.4,78.8,386
39,フランスパン,9.4,1.3,57.5,289
40,ライ麦パン,8.4,2.2,52.7,252
41,全粒粉パン,7.9,5.7,45.5,251
42,ぶどうパン,8.2,3.5,51.1,263
43,ロールパン,10.1,9.0,48.6,309
44,クロワッサン　レギュラータイプ,6.5,20.4,51.5,406
45,クロワッサン　リッチタイプ,7.9,26.8,43.9,438
46,くるみパン,8.2,12.6,38.7,292
47,イングリッシュマフィン,8.1,3.6,40.8,224
48,ナン,10.3,3.4,47.6,257
49,ベーグル,9.6,2.0,54.6,270
50,うどん　生,6.1,0.6,56.8,249
51,うどん　ゆで,2.6,0.4,21.6,95
52,うどん　半生うどん,7.8,3.4,62.5,296
53,干しうどん　乾,8.5,1.1,71.9,333
54,干しうどん　ゆで,3.1,0.5,25.8,117
55,そうめん・ひやむぎ　乾,9.5,1.1,72.7,333
56,そうめん・ひやむぎ　ゆで,3.5,0.4,25.8,114
57,手延そうめん・手延ひやむぎ　乾,9.3,1.5,68.9,312
58,手延そうめん・手延ひやむぎ　ゆで,3.5,0.6,25.5,119
59,中華めん　生,8.6,1.2,55.7,249
60,中華めん　ゆで,4.9,0.6,29.2,133
61,半生中華めん　,9.9,4.0,61.2,305
62,蒸し中華めん　蒸し中華めん,4.9,1.7,35.6,162
63,蒸し中華めん  ソテー,5.2,4.9,38.9,211
64,干し中華めん　乾,11.7,1.6,70.2,337
65,干し中華めん　ゆで,4.9,0.5,27.5,132
66,沖縄そば　生,9.2,2.0,54.2,266
67,沖縄そば　ゆで,5.2,0.8,28.0,132
68,干し沖縄そば　乾,12.0,1.7,67.8,317
69,干し沖縄そば　ゆで,5.2,0.6,28.6,132
70,即席中華めん　油揚げ味付け,10.1,16.7,63.5,424
71,即席中華めん　油揚げ　乾　（添付調味料等を含むもの）,10.1,19.1,61.4,439
72,即席中華めん　油揚げ　調理後全体　（添付調味料等を含むもの）,2.3,4.4,13.4,100
73,即席中華めん　油揚げ　ゆで　（添付調味料等を含まないもの）,3.9,7.7,27.9,189
74,即席中華めん　油揚げ　乾　（添付調味料等を含まないもの）,8.9,19.6,65.5,461
75,即席中華めん　非油揚げ　乾　（添付調味料等を含むもの）,10.3,5.2,67.1,336
76,即席中華めん　非油揚げ　調理後全体　（添付調味料等を含むもの）,3.0,0.8,18.7,93
77,即席中華めん　非油揚げ　ゆで　（添付調味料等を含まないもの）,3.4,0.8,31.0,139
78,即席中華めん　非油揚げ　乾　（添付調味料等を含まないもの）,8.5,1.9,75.2,337
79,中華スタイル即席カップめん　油揚げ　塩味　乾　（添付調味料等を含むもの）,10.9,18.5,58.6,422
80,中華スタイル即席カップめん　油揚げ　塩味　調理後全体　（添付調味料等を含むもの）,2.5,4.2,13.2,92
81,中華スタイル即席カップめん　油揚げ　塩味　調理後のめん　（スープを残したもの）,3.8,7.7,25.2,175
82,中華スタイル即席カップめん　油揚げ　しょうゆ味　乾　（添付調味料等を含むもの）,10.0,19.1,54.6,417
83,中華スタイル即席カップめん　油揚げ　しょうゆ味　調理後全体　（添付調味料等を含むもの）,2.3,4.5,12.9,90
84,中華スタイル即席カップめん　油揚げ　しょうゆ味　調理後のめん　（スープを残したもの）,3.0,5.8,20.7,142
85,中華スタイル即席カップめん　油揚げ　焼きそば　乾　（添付調味料等を含むもの）,8.2,18.6,57.5,401
86,中華スタイル即席カップめん　油揚げ　焼きそば　調理後全体　（添付調味料等を含むもの）,5.0,11.3,34.2,222
87,中華スタイル即席カップめん　非油揚げ　乾　（添付調味料等を含むもの）,9.2,5.8,62.6,314
88,中華スタイル即席カップめん　非油揚げ　調理後全体　（添付調味料等を含むもの）,2.5,2.1,10.2,66
89,中華スタイル即席カップめん　非油揚げ　調理後のめん　（スープを残したもの）,3.4,1.3,25.3,121
90,和風スタイル即席カップめん　油揚げ　乾　（添付調味料等を含むもの）,10.9,19.8,56.1,439
91,和風スタイル即席カップめん　油揚げ　調理後全体　（添付調味料等を含むもの）,2.2,4.7,11.2,91
92,和風スタイル即席カップめん　油揚げ　調理後のめん　（スープを残したもの）,2.7,7.2,24.4,163
93,マカロニ・スパゲッティ　乾,12.9,1.8,73.1,347
94,マカロニ・スパゲッティ　ゆで,5.8,0.9,32.2,150
95,マカロニ・スパゲッティ　ソテー,5.5,5.8,30.5,186
96,生パスタ　生,7.8,1.9,46.9,232
97,生ふ,12.7,0.8,26.2,161
98,焼きふ　釜焼きふ,28.5,2.7,56.9,357
99,焼きふ　板ふ,25.6,3.3,57.3,351
100,焼きふ　車ふ,30.2,3.4,54.2,361
101,油ふ,22.7,35.3,34.4,547
102,小麦はいが,32.0,11.6,48.3,391
103,小麦たんぱく　粉末状,72.0,9.7,10.6,398
104,小麦たんぱく　粒状,20.0,2.0,1.8,101
105,小麦たんぱく　ペースト状,25.0,4.1,3.9,145
106,かやきせんべい,10.6,1.9,75.1,359
107,ぎょうざの皮　生,9.3,1.4,57.0,275
108,しゅうまいの皮　生,8.3,1.4,58.9,275
109,春巻きの皮　生,8.3,1.6,62.2,288
110,春巻きの皮　揚げ,7.2,30.7,53.7,512
111,ピザ生地,9.1,3.0,51.1,265
112,ちくわぶ,7.1,1.2,31.1,160
113,パン粉　生,11.0,5.1,47.6,277
114,パン粉　半生,12.5,5.8,54.3,315
115,パン粉　乾燥,14.6,6.8,63.4,369
116,冷めん　生,3.9,0.7,57.6,249
117,［水稲穀粒］　玄米,6.8,2.7,74.3,346
118,［水稲穀粒］　半つき米,6.5,1.8,75.9,345
119,［水稲穀粒］　七分つき米,6.3,1.5,76.6,348
120,［水稲穀粒］　精白米　うるち米,6.1,0.9,77.6,342
121,［水稲穀粒］　精白米　もち米,6.4,1.2,77.2,343
122,［水稲穀粒］　精白米　インディカ米,7.4,0.9,77.7,347
123,［水稲穀粒］　はいが精米,6.5,2.0,75.8,343
124,［水稲穀粒］　発芽玄米,6.5,3.3,74.3,339
125,［水稲穀粒］　赤米,8.5,3.3,71.9,344
126,［水稲穀粒］　黒米,7.8,3.2,72.0,341
127,［水稲めし］　玄米,2.8,1.0,35.6,152
128,［水稲めし］　半つき米,2.7,0.6,36.4,154
129,［水稲めし］　七分つき米,2.6,0.5,36.7,160
130,［水稲めし］　精白米　インディカ米,3.8,0.4,41.5,184
131,［水稲めし］　精白米　うるち米,2.5,0.3,37.1,156
132,［水稲めし］　精白米　もち米,3.5,0.5,43.9,188
133,［水稲めし］　はいが精米,2.7,0.6,36.4,159
134,［水稲めし］　発芽玄米,3.0,1.4,35.0,161
135,［水稲めし］　赤米,3.8,1.3,32.7,150
136,［水稲めし］　黒米,3.6,1.4,32.2,150
137,［水稲軟めし］　精白米,1.8,0.3,26.4,113
138,［水稲全かゆ］　玄米,1.2,0.4,15.2,64
139,［水稲全かゆ］　半つき米,1.1,0.3,15.5,65
140,［水稲全かゆ］　七分つき米,1.1,0.2,15.6,68
141,［水稲全かゆ］　精白米,1.1,0.1,15.7,65
142,［水稲五分かゆ］　玄米,0.6,0.2,7.6,32
143,［水稲五分かゆ］　半つき米,0.6,0.1,7.7,32
144,［水稲五分かゆ］　七分つき米,0.6,0.1,7.7,32
145,［水稲五分かゆ］　精白米,0.5,0.1,7.9,33
146,［水稲おもゆ］　玄米,0.4,0.1,4.4,19
147,［水稲おもゆ］　半つき米,0.3,0.1,4.6,19
148,［水稲おもゆ］　七分つき米,0.3,0.1,4.6,20
149,［水稲おもゆ］　精白米,0.3,0,4.7,19
150,［陸稲穀粒］　玄米,10.1,2.7,71.1,357
151,［陸稲穀粒］　半つき米,9.6,1.8,72.9,356
152,［陸稲穀粒］　七分つき米,9.5,1.5,73.4,359
153,［陸稲穀粒］　精白米,9.3,0.9,74.5,331
154,［陸稲めし］　玄米,4.1,1.0,34.3,156
155,［陸稲めし］　半つき米,3.8,0.6,35.3,157
156,［陸稲めし］　七分つき米,3.6,0.5,35.7,155
157,［陸稲めし］　精白米,3.5,0.3,36.1,157
158,［うるち米製品］　アルファ化米　一般用,6.0,1.0,84.8,358
159,［うるち米製品］　アルファ化米　学校給食用強化品,6.0,1.0,84.8,358
160,［うるち米製品］　おにぎり,2.7,0.3,39.4,170
161,［うるち米製品］　焼きおにぎり,3.1,0.3,39.5,166
162,［うるち米製品］　きりたんぽ,3.2,0.4,46.2,200
163,［うるち米製品］　上新粉,6.2,0.9,78.5,343
164,［うるち米製品］　玄米粉,7.1,2.9,84.1,370
165,［うるち米製品］　米粉,6.0,0.7,81.9,356
166,［うるち米製品］　米粉パン　食パン,10.7,5.1,41.6,247
167,［うるち米製品］　米粉パン　ロールパン,8.8,6.7,42.0,256
168,［うるち米製品］　米粉パン　小麦グルテン不使用のもの,3.4,3.1,51.3,247
169,［うるち米製品］　米粉めん,3.6,0.7,58.4,252
170,［うるち米製品］　ビーフン,7.0,1.6,79.9,360
171,［うるち米製品］　ライスペーパー,0.5,0.3,84.3,339
172,［うるち米製品］　米こうじ,5.8,1.7,59.2,260
173,［もち米製品］　もち,4.0,0.6,50.8,223
174,［もち米製品］　赤飯,4.3,0.6,41.9,186
175,［もち米製品］　あくまき,2.3,1.8,25.7,131
176,［もち米製品］　白玉粉,6.3,1.0,80.0,347
177,［もち米製品］　道明寺粉,7.1,0.7,80.4,349
178,　米ぬか,13.4,19.6,48.8,374
179,そば粉　全層粉,12.0,3.1,69.6,339
180,そば粉　内層粉,6.0,1.6,77.6,342
181,そば粉　中層粉,10.2,2.7,71.6,334
182,そば粉　表層粉,15.0,3.6,65.1,337
183,そば米,9.6,2.5,73.7,347
184,そば　生,9.8,1.9,54.5,271
185,そば　ゆで,4.8,1.0,26.0,130
186,そば　半生そば,10.5,3.8,61.8,325
187,干しそば　乾,14.0,2.3,66.7,344
188,干しそば　ゆで,4.8,0.7,22.1,113
189,とうもろこし　玄穀　黄色種,8.6,5.0,70.6,341
190,とうもろこし　玄穀　白色種,8.6,5.0,70.6,341
191,とうもろこし　コーンミール　黄色種,8.3,4.0,72.4,375
192,とうもろこし　コーンミール　白色種,8.3,4.0,72.4,375
193,とうもろこし　コーングリッツ　黄色種,8.2,1.0,76.4,352
194,とうもろこし　コーングリッツ　白色種,8.2,1.0,76.4,352
195,とうもろこし　コーンフラワー　黄色種,6.6,2.8,76.1,347
196,とうもろこし　コーンフラワー　白色種,6.6,2.8,76.1,347
197,とうもろこし　ジャイアントコーン　フライ　味付け,5.7,11.8,76.6,409
198,とうもろこし　ポップコーン,10.2,22.8,59.6,472
199,とうもろこし　コーンフレーク,7.8,1.7,83.6,380
200,はとむぎ　精白粒,13.3,1.3,72.2,353
201,ひえ　精白粒,9.4,3.3,73.2,361
202,もろこし　玄穀,10.3,4.7,71.1,344
203,もろこし　精白粒,9.5,2.6,74.1,348
204,ライむぎ　全粒粉,12.7,2.7,70.7,317
205,ライむぎ　ライ麦粉,8.5,1.6,75.8,324
206,アメリカほどいも　塊根　生,5.9,0.6,35.6,146
207,アメリカほどいも　塊根　ゆで,6.0,0.8,34.5,144
208,きくいも　塊茎　生,1.9,0.4,14.7,66
209,きくいも　塊茎　水煮,1.6,0.5,11.3,51
210,こんにゃく　精粉,3.0,0.1,85.3,194
211,こんにゃく　板こんにゃく　精粉こんにゃく,0.1,Tr,2.3,5
212,こんにゃく　板こんにゃく　生いもこんにゃく,0.1,0.1,3.3,8
213,こんにゃく　赤こんにゃく,0.1,Tr,2.5,6
214,こんにゃく　凍みこんにゃく　乾,3.3,1.4,77.1,192
215,こんにゃく　凍みこんにゃく　ゆで,0.7,0.3,16.8,42
216,こんにゃく　しらたき,0.2,Tr,3.0,7
217,さつまいも　塊根　皮つき　生,0.9,0.5,33.1,127
218,さつまいも　塊根　皮つき　蒸し,0.9,0.2,33.7,129
219,さつまいも　塊根　皮つき　天ぷら,1.4,6.8,38.4,205
220,さつまいも　塊根　皮なし　生,1.2,0.2,31.9,126
221,さつまいも　塊根　皮なし　蒸し,1.2,0.2,31.9,131
222,さつまいも　塊根　皮なし　焼き,1.4,0.2,39.0,151
223,さつまいも　蒸し切干,3.1,0.6,71.9,277
224,むらさきいも　塊根　皮なし　生,1.2,0.3,31.7,123
225,むらさきいも　塊根　皮なし　蒸し,1.2,0.3,31.4,122
226,さといも　球茎　生,1.5,0.1,13.1,53
227,さといも　球茎　水煮,1.5,0.1,13.4,52
228,さといも　球茎　冷凍,2.2,0.1,16.1,69
229,セレベス　球茎　生,2.2,0.3,19.8,80
230,セレベス　球茎　水煮,2.1,0.3,19.1,77
231,たけのこいも　球茎　生,1.7,0.4,23.5,97
232,たけのこいも　球茎　水煮,1.6,0.4,21.8,86
233,みずいも　球茎　生,0.7,0.4,27.6,111
234,みずいも　球茎　水煮,0.7,0.4,26.1,101
235,やつがしら　球茎　生,3.0,0.7,20.5,94
236,やつがしら　球茎　水煮,2.7,0.6,20.0,92
237,じゃがいも　塊茎　皮つき　生,1.8,0.1,15.9,51
238,じゃがいも　塊茎　皮つき　電子レンジ調理,2.1,0.2,19.2,78
239,じゃがいも　塊茎　皮つき　フライドポテト　（生を揚げたもの）,2.7,5.6,25.4,153
240,じゃがいも　塊茎　皮なし　生,1.8,0.1,17.3,59
241,じゃがいも　塊茎　皮なし　水煮,1.7,0.1,16.9,71
242,じゃがいも　塊茎　皮なし　蒸し,1.9,0.3,18.1,76
243,じゃがいも　塊茎　皮なし　電子レンジ調理,1.9,0.1,19.0,78
244,じゃがいも　塊茎　皮なし　フライドポテト　（生を揚げたもの）,2.7,5.9,26.2,159
245,じゃがいも　塊茎　皮なし　フライドポテト　（市販冷凍食品を揚げたもの）,2.9,10.6,32.4,229
246,じゃがいも　乾燥マッシュポテト,6.6,0.6,82.8,347
247,ヤーコン　塊根　生,0.6,0.3,12.4,52
248,ヤーコン　塊根　水煮,0.6,0.3,9.9,42
249,ながいも　いちょういも　塊根　生,4.5,0.5,22.6,108
250,ながいも　ながいも　塊根　生,2.2,0.3,13.9,64
251,ながいも　ながいも　塊根　水煮,2.0,0.3,12.6,58
252,ながいも　やまといも　塊根　生,4.5,0.2,27.1,119
253,じねんじょ　塊根　生,2.8,0.7,26.7,118
254,だいじょ　塊根　生,2.6,0.1,25.0,102
255,おおうばゆりでん粉,0.1,0.1,83.6,328
256,キャッサバでん粉,0.1,0.2,85.3,354
257,くずでん粉,0.2,0.2,85.6,356
258,米でん粉,0.2,0.7,89.3,375
259,小麦でん粉,0.2,0.5,86.0,360
260,サゴでん粉,0.1,0.2,86.1,357
261,さつまいもでん粉,0.1,0.2,82.0,340
262,じゃがいもでん粉,0.1,0.1,81.6,338
263,とうもろこしでん粉,0.1,0.7,86.3,363
264,くずきり　乾,0.2,0.2,87.7,341
265,くずきり　ゆで,0.1,0.1,33.3,133
266,ごま豆腐,1.5,4.3,9.1,75
267,タピオカパール　乾,0,0.2,87.8,352
268,タピオカパール　ゆで,0,Tr,15.4,61
269,でん粉めん　生,0.1,0.2,32.2,129
270,でん粉めん　乾,0.2,0.3,86.7,347
271,でん粉めん　乾　ゆで,0,0.2,20.6,83
272,はるさめ　緑豆はるさめ　乾,0.2,0.4,87.5,344
273,はるさめ　緑豆はるさめ　ゆで,Tr,0.1,20.6,78
274,はるさめ　普通はるさめ　乾,0,0.2,86.6,346
275,はるさめ　普通はるさめ　ゆで,0,Tr,19.9,76
276,黒砂糖,1.7,Tr,90.3,352
277,てんさい含蜜糖,0.9,Tr,96.9,357
278,和三盆糖,0.2,Tr,99.0,393
279,車糖　上白糖,0,0,99.3,391
280,車糖　三温糖,Tr,0,99.0,390
281,ざらめ糖　グラニュー糖,0,0,100,393
282,ざらめ糖　白ざら糖,0,0,100,393
283,ざらめ糖　中ざら糖,0,0,100,393
284,加工糖　角砂糖,0,0,100,394
285,加工糖　氷砂糖,0,0,100,394
286,加工糖　コーヒーシュガー,0.1,0,99.8,394
287,加工糖　粉糖,0,0,99.7,393
288,液糖　しょ糖型液糖,0,0,67.9,267
289,液糖　転化型液糖,0,0,76.6,294
290,氷糖みつ,0.2,0,68.2,274
291,還元麦芽糖,0,Tr,100,208
292,還元水あめ,0,Tr,69.9,218
293,粉あめ,0,0,97.0,397
294,水あめ　酵素糖化,0,0,85.0,342
295,水あめ　酸糖化,0,0,85.0,341
296,ぶどう糖　全糖,0,0,91.0,342
297,ぶどう糖　含水結晶,0,0,91.3,342
298,ぶどう糖　無水結晶,0,0,99.7,374
299,果糖,0,0,99.9,375
300,異性化液糖　ぶどう糖果糖液糖,0,0,75.0,283
301,異性化液糖　果糖ぶどう糖液糖,0,0,75.0,283
302,異性化液糖　高果糖液糖,0,0,75.0,282
303,黒蜜,1.0,0,50.5,199
304,はちみつ,0.3,Tr,81.9,329
305,メープルシロップ,0.1,0,66.3,266
306,あずき　全粒　乾,20.8,2.0,59.6,304
307,あずき　全粒　ゆで,8.6,0.8,25.6,122
308,あずき　ゆで小豆缶詰,4.4,0.4,49.2,202
309,あずき　あん　こし生あん,9.8,0.6,27.1,147
310,あずき　あん　さらしあん　（乾燥あん）,23.5,1.0,66.8,335
311,あずき　あん　こし練りあん　（並あん）,5.6,0.3,58.8,255
312,あずき　あん　こし練りあん　（中割りあん）,5.1,0.3,61.1,262
313,あずき　あん　こし練りあん　（もなかあん）,5.1,0.3,68.6,292
314,あずき　あん　つぶし練りあん,5.6,0.6,54.0,239
315,いんげんまめ　全粒　乾,22.1,2.5,56.4,280
316,いんげんまめ　全粒　ゆで,9.3,1.2,24.5,127
317,いんげんまめ　うずら豆,6.7,1.3,49.6,214
318,いんげんまめ　こし生あん,9.4,0.9,27.0,135
319,いんげんまめ　豆きんとん,4.9,0.5,56.2,238
320,えんどう　全粒　青えんどう　乾,21.7,2.3,60.4,310
321,えんどう　全粒　青えんどう　ゆで,9.2,1.0,25.2,129
322,えんどう　全粒　赤えんどう　乾,21.7,2.3,60.4,310
323,えんどう　全粒　赤えんどう　ゆで,9.2,1.0,25.2,129
324,えんどう　グリンピース（揚げ豆）,20.8,11.6,58.8,375
325,えんどう　塩豆,23.3,2.4,61.5,321
326,えんどう　うぐいす豆,5.6,0.7,52.9,228
327,ささげ　全粒　乾,23.9,2.0,55.0,280
328,ささげ　全粒　ゆで,10.2,0.9,23.8,130
329,そらまめ　全粒　乾,26.0,2.0,55.9,323
330,そらまめ　フライビーンズ,24.7,20.8,46.4,436
331,そらまめ　おたふく豆,7.9,1.2,52.2,237
332,そらまめ　ふき豆,9.6,1.6,52.5,251
333,そらまめ　しょうゆ豆,9.8,0.9,37.1,173
334,全粒　青大豆　国産　乾,33.5,19.3,30.1,354
335,全粒　青大豆　国産　ゆで,15.0,8.2,9.9,145
336,全粒　黄大豆　国産　乾,33.8,19.7,29.5,372
337,全粒　黄大豆　国産　ゆで,14.8,9.8,8.4,163
338,全粒　黄大豆　米国産　乾,33.0,21.7,28.8,402
339,全粒　黄大豆　中国産　乾,32.8,19.5,30.8,391
340,全粒　黄大豆　ブラジル産　乾,33.6,22.6,30.7,414
341,全粒　黒大豆　国産　乾,33.9,18.8,28.9,349
342,全粒　黒大豆　国産　ゆで,14.7,8.6,9.8,155
343,いり大豆　青大豆,37.7,20.7,33.9,425
344,いり大豆　黄大豆,37.5,21.6,33.3,429
345,いり大豆　黒大豆,36.4,22.0,34.3,431
346,水煮缶詰　黄大豆,12.9,6.7,7.7,124
347,蒸し大豆　黄大豆,16.6,9.8,13.8,186
348,きな粉　青大豆　全粒大豆,37.0,22.8,29.3,424
349,きな粉　青大豆　脱皮大豆,36.6,24.6,28.3,418
350,きな粉　黄大豆　全粒大豆,36.7,25.7,28.5,451
351,きな粉　黄大豆　脱皮大豆,37.5,25.1,29.5,456
352,きな粉（砂糖入り）　青きな粉,18.5,11.4,64.3,392
353,きな粉（砂糖入り）　きな粉,18.3,12.9,63.9,406
354,大豆はいが,37.8,14.7,39.5,404
355,ぶどう豆,14.1,9.4,37.0,265
356,木綿豆腐,7.0,4.9,1.5,73
357,木綿豆腐　（凝固剤：塩化マグネシウム）,7.0,4.9,1.5,73
358,木綿豆腐　（凝固剤：硫酸カルシウム）,7.0,4.9,1.5,73
359,絹ごし豆腐,5.3,3.5,2.0,56
360,絹ごし豆腐　（凝固剤：塩化マグネシウム）,5.3,3.5,2.0,56
361,絹ごし豆腐　（凝固剤：硫酸カルシウム）,5.3,3.5,2.0,56
362,ソフト豆腐,5.1,3.3,2.0,56
363,充てん豆腐,5.0,3.1,2.5,56
364,沖縄豆腐,9.1,7.2,0.7,99
365,ゆし豆腐,4.3,2.8,1.7,47
366,焼き豆腐,7.8,5.7,1.0,82
367,生揚げ,10.7,11.3,0.9,143
368,油揚げ　生,23.4,34.4,0.4,377
369,油揚げ　油抜き　生,18.2,23.4,Tr,266
370,油揚げ　油抜き　ゆで,12.4,13.8,0.3,164
371,油揚げ　油抜き　焼き,24.9,32.2,0.7,361
372,油揚げ　甘煮,11.2,13.0,19.1,231
373,がんもどき,15.3,17.8,1.6,223
374,凍り豆腐　乾,50.5,34.1,4.2,496
375,凍り豆腐　水煮,10.7,7.3,1.1,104
376,豆腐よう,9.5,8.3,19.1,183
377,豆腐竹輪　蒸し,14.9,4.4,6.7,121
378,豆腐竹輪　焼き,16.1,4.9,7.5,133
379,ろくじょう豆腐,34.7,21.5,3.8,332
380,糸引き納豆,16.5,10.0,12.1,190
381,挽きわり納豆,16.6,10.0,10.5,185
382,五斗納豆,15.3,8.1,24.0,214
383,寺納豆,18.6,8.1,31.5,248
384,おから　生,6.1,3.6,13.8,88
385,おから　乾燥,23.1,13.6,52.3,333
386,豆乳　豆乳,3.6,2.0,3.1,44
387,豆乳　調製豆乳,3.2,3.6,4.8,63
388,豆乳　豆乳飲料・麦芽コーヒー,2.2,2.2,7.8,59
389,大豆たんぱく　粒状大豆たんぱく,46.3,3.0,36.7,318
390,大豆たんぱく　濃縮大豆たんぱく,58.2,1.7,27.9,313
391,大豆たんぱく　分離大豆たんぱく　塩分無調整タイプ,79.1,3.0,7.5,335
392,大豆たんぱく　分離大豆たんぱく　塩分調整タイプ,79.1,3.0,7.5,335
393,大豆たんぱく　繊維状大豆たんぱく,59.3,5.0,25.2,365
394,湯葉　生,21.8,13.7,4.1,218
395,湯葉　干し　乾,50.4,32.1,7.2,485
396,湯葉　干し　湯戻し,15.7,10.6,0.1,151
397,金山寺みそ,6.9,3.2,50.0,247
398,ひしおみそ,6.5,2.7,38.8,198
399,テンペ,15.8,9.0,15.4,180
400,つるあずき　全粒　乾,20.8,1.6,61.8,297
401,つるあずき　全粒　ゆで,9.7,1.0,27.5,132
402,ひよこまめ　全粒　乾,20.0,5.2,61.5,336
403,ひよこまめ　全粒　ゆで,9.5,2.5,27.4,149
404,ひよこまめ　全粒　フライ　味付け,18.8,10.4,62.6,366
405,べにばないんげん　全粒　乾,17.2,1.7,61.2,273
406,べにばないんげん　全粒　ゆで,6.2,0.6,22.3,103
407,やぶまめ　乾,23.4,10.1,49.5,383
408,らいまめ　全粒　乾,21.9,1.8,60.8,306
409,らいまめ　全粒　ゆで,9.6,0.9,26.0,122
410,りょくとう　全粒　乾,25.1,1.5,59.1,319
411,りょくとう　全粒　ゆで,10.2,0.6,22.5,125
412,レンズまめ　全粒　乾,23.2,1.5,60.7,313
413,レンズまめ　全粒　ゆで,11.2,0.8,29.1,149
414,アーモンド　乾,19.6,51.8,20.9,609
415,アーモンド　フライ　味付け,21.3,55.7,17.9,626
416,アーモンド　いり　無塩,20.3,54.1,20.7,608
417,あさ　乾,29.9,28.3,31.7,450
418,あまに　いり,21.8,43.3,30.4,540
419,えごま　乾,17.7,43.4,29.4,523
420,カシューナッツ　フライ　味付け,19.8,47.6,26.7,591
421,かぼちゃ　いり　味付け,26.5,51.8,12.0,590
422,かや　いり,8.7,64.9,22.6,629
423,ぎんなん　生,4.7,1.6,34.8,168
424,ぎんなん　ゆで,4.6,1.5,35.8,169
425,（くり類）　日本ぐり　生,2.8,0.5,36.9,147
426,（くり類）　日本ぐり　ゆで,3.5,0.6,36.7,152
427,（くり類）　日本ぐり　甘露煮,1.8,0.4,56.8,232
428,（くり類）　中国ぐり　甘ぐり,4.9,0.9,48.5,207
429,くるみ　いり,14.6,68.8,11.7,713
430,けし　乾,19.3,49.1,21.8,555
431,ココナッツ　ココナッツパウダー,6.1,65.8,23.7,676
432,ごま　乾,19.8,53.8,16.5,604
433,ごま　いり,20.3,54.2,18.5,605
434,ごま　むき,19.3,54.9,18.8,570
435,ごま　ねり,19.0,61.0,15.6,646
436,しい　生,3.2,0.8,57.6,244
437,すいか　いり　味付け,29.6,46.4,13.4,528
438,チアシード　乾,19.4,33.9,34.5,446
439,とち　蒸し,1.7,1.9,34.2,148
440,はす　未熟　生,5.9,0.5,14.9,81
441,はす　成熟　乾,18.3,2.3,64.3,327
442,はす　成熟　ゆで,7.3,0.8,25.0,118
443,ひし　生,5.8,0.5,40.6,183
444,とうびし　生,2.7,0.4,31.4,122
445,とうびし　ゆで,2.7,0.3,30.5,121
446,ピスタチオ　いり　味付け,17.4,56.1,20.9,617
447,ひまわり　フライ　味付け,20.1,56.3,17.2,587
449,ブラジルナッツ　フライ　味付け,14.9,69.1,9.6,703
450,ヘーゼルナッツ　フライ　味付け,13.6,69.3,13.9,701
452,ペカン　フライ　味付け,9.6,73.4,13.3,716
453,マカダミアナッツ　いり　味付け,8.3,76.7,12.2,751
454,まつ　生,15.8,68.2,10.6,645
455,まつ　いり,14.6,72.5,8.1,668
456,らっかせい　大粒種　乾,25.2,47.0,19.4,572
457,らっかせい　大粒種　いり,25.0,49.6,21.3,613
458,らっかせい　小粒種　乾,25.4,47.5,18.8,573
459,らっかせい　小粒種　いり,26.5,49.4,19.6,607
460,らっかせい　バターピーナッツ,23.3,53.2,18.3,609
461,らっかせい　ピーナッツバター,20.6,50.4,24.9,599
462,アーティチョーク　花らい　生,2.3,0.2,11.3,39
463,アーティチョーク　花らい　ゆで,2.1,0.1,10.8,35
464,あさつき　葉　生,4.2,0.3,5.6,34
465,あさつき　葉　ゆで,4.2,0.3,7.3,41
466,あしたば　茎葉　生,3.3,0.1,6.7,30
467,あしたば　茎葉　ゆで,2.9,0.1,6.6,28
468,アスパラガス　若茎　生,2.6,0.2,3.9,21
469,アスパラガス　若茎　ゆで,2.6,0.1,4.6,25
470,アスパラガス　若茎　油いため,2.9,3.9,4.1,54
471,アスパラガス　水煮缶詰,2.4,0.1,4.3,24
472,アロエ　葉　生,0,0.1,0.7,3
473,いんげんまめ　さやいんげん　若ざや　生,1.8,0.1,5.1,23
474,いんげんまめ　さやいんげん　若ざや　ゆで,1.8,0.2,5.5,25
475,うど　茎　生,0.8,0.1,4.3,19
476,うど　茎　水さらし,0.6,0,3.4,13
477,やまうど　茎　生,1.1,0.1,4.3,19
478,うるい　葉　生,1.9,0.4,4.0,19
479,えだまめ　生,11.7,6.2,8.8,125
480,えだまめ　ゆで,11.5,6.1,8.9,118
481,えだまめ　冷凍,13.0,7.6,10.6,143
482,エンダイブ　葉　生,1.2,0.2,2.9,14
483,トウミョウ　茎葉　生,3.8,0.4,4.0,28
484,トウミョウ　芽ばえ　生,3.8,0.4,3.2,27
485,トウミョウ　芽ばえ　ゆで,3.6,0.6,3.8,28
486,トウミョウ　芽ばえ　油いため,5.0,5.9,4.3,84
487,さやえんどう　若ざや　生,3.1,0.2,7.5,38
488,さやえんどう　若ざや　ゆで,3.2,0.2,7.0,36
489,スナップえんどう　若ざや　生,2.9,0.1,9.9,47
490,グリンピース　生,6.9,0.4,15.3,76
491,グリンピース　ゆで,8.3,0.2,18.5,99
492,グリンピース　冷凍,5.8,0.7,17.1,80
493,グリンピース　冷凍　ゆで,6.2,0.7,17.8,82
494,グリンピース　冷凍　油いため,6.3,4.6,18.2,114
495,グリンピース　水煮缶詰,3.6,0.4,19.7,82
496,おおさかしろな　葉　生,1.4,0.2,2.2,12
497,おおさかしろな　葉　ゆで,1.6,0.3,3.1,16
498,おおさかしろな　塩漬,1.3,0.3,4.5,19
499,おかひじき　茎葉　生,1.4,0.2,3.4,16
500,おかひじき　茎葉　ゆで,1.2,0.1,3.8,16
501,オクラ　果実　生,2.1,0.2,6.6,26
502,オクラ　果実　ゆで,2.1,0.1,7.6,29
503,かぶ　葉　生,2.3,0.1,3.9,20
504,かぶ　葉　ゆで,2.3,0.1,4.4,20
505,かぶ　根　皮つき　生,0.7,0.1,4.6,18
506,かぶ　根　皮つき　ゆで,0.7,0.1,4.7,18
507,かぶ　根　皮なし　生,0.6,0.1,4.8,19
508,かぶ　根　皮なし　ゆで,0.6,0.1,5.0,20
509,かぶ　漬物　塩漬　葉,2.3,0.2,6.0,27
510,かぶ　漬物　塩漬　根　皮つき,1.0,0.2,4.9,21
511,かぶ　漬物　塩漬　根　皮なし,0.8,0.1,4.7,19
512,かぶ　漬物　ぬかみそ漬　葉,3.3,0.1,7.1,35
513,かぶ　漬物　ぬかみそ漬　根　皮つき,1.5,0.1,5.9,27
514,かぶ　漬物　ぬかみそ漬　根　皮なし,1.4,0.1,6.9,31
515,日本かぼちゃ　果実　生,1.6,0.1,10.9,41
516,日本かぼちゃ　果実　ゆで,1.9,0.1,13.3,50
517,西洋かぼちゃ　果実　生,1.9,0.3,20.6,78
518,西洋かぼちゃ　果実　ゆで,1.6,0.3,21.3,80
519,西洋かぼちゃ　果実　焼き,2.5,0.4,27.7,105
520,西洋かぼちゃ　果実　冷凍,2.2,0.3,18.5,75
521,そうめんかぼちゃ　果実　生,0.7,0.1,6.1,25
522,からしな　葉　生,3.3,0.1,4.7,26
523,からしな　塩漬,4.0,0.1,7.2,36
524,カリフラワー　花序　生,3.0,0.1,5.2,28
525,カリフラワー　花序　ゆで,2.7,0.1,5.1,26
526,かんぴょう　乾,6.3,0.2,68.1,239
527,かんぴょう　ゆで,0.7,0,7.2,21
528,かんぴょう　甘煮,2.3,0.2,36.5,146
529,きく　花びら　生,1.4,0,6.5,25
530,きく　花びら　ゆで,1.0,0,5.7,21
531,きく　菊のり,11.6,0.2,73.5,283
532,キャベツ　結球葉　生,1.3,0.2,5.2,21
533,キャベツ　結球葉　ゆで,0.9,0.2,4.6,19
534,キャベツ　結球葉　油いため,1.6,6.0,5.9,78
535,グリーンボール　結球葉　生,1.4,0.1,4.3,20
536,レッドキャベツ　結球葉　生,2.0,0.1,6.7,30
537,きゅうり　果実　生,1.0,0.1,3.0,13
538,きゅうり　漬物　塩漬,1.0,0.1,3.7,17
539,きゅうり　漬物　しょうゆ漬,3.2,0.4,10.8,51
540,きゅうり　漬物　ぬかみそ漬,1.5,0.1,6.2,28
541,きゅうり　漬物　ピクルス　スイート型,0.3,0.1,18.3,70
542,きゅうり　漬物　ピクルス　サワー型,1.4,Tr,2.5,13
543,ぎょうじゃにんにく　葉　生,3.5,0.2,6.6,35
544,キンサイ　茎葉　生,1.1,0.4,3.5,16
545,キンサイ　茎葉　ゆで,1.1,0.4,3.5,15
546,クレソン　茎葉　生,2.1,0.1,2.5,13
547,くわい　塊茎　生,6.3,0.1,26.6,128
548,くわい　塊茎　ゆで,6.2,0.1,27.2,129
549,ケール　葉　生,2.1,0.4,5.6,26
550,コールラビ　球茎　生,1.0,0,5.1,21
551,コールラビ　球茎　ゆで,1.0,Tr,5.2,20
552,こごみ　若芽　生,3.0,0.2,5.3,25
553,ごぼう　根　生,1.8,0.1,15.4,58
554,ごぼう　根　ゆで,1.5,0.2,13.7,50
555,こまつな　葉　生,1.5,0.2,2.4,13
556,こまつな　葉　ゆで,1.6,0.1,3.0,14
557,コリアンダー　葉　生,1.4,0.4,4.6,18
558,ザーサイ　漬物,2.5,0.1,4.6,20
559,さんとうさい　葉　生,1.0,0.2,2.7,12
560,さんとうさい　葉　ゆで,1.4,0.3,2.9,14
561,さんとうさい　塩漬,1.5,0.3,4.0,18
562,しかくまめ　若ざや　生,2.4,0.1,3.8,19
563,ししとう　果実　生,1.9,0.3,5.7,25
564,ししとう　果実　油いため,1.9,3.2,5.8,51
565,しそ　葉　生,3.9,0.1,7.5,32
566,しそ　実　生,3.4,0.1,8.9,32
567,じゅうろくささげ　若ざや　生,2.5,0.1,4.8,22
568,じゅうろくささげ　若ざや　ゆで,2.8,0.1,6.2,28
569,しゅんぎく　葉　生,2.3,0.3,3.9,20
570,しゅんぎく　葉　ゆで,2.7,0.5,4.5,25
571,じゅんさい　若葉　水煮びん詰,0.4,0,1.0,4
572,葉しょうが　根茎　生,0.5,0.2,2.1,9
573,しょうが　根茎　皮なし　生,0.9,0.3,6.6,28
574,しょうが　根茎　皮なし　生　おろし,0.7,0.8,16.0,58
575,しょうが　根茎　皮なし　生　おろし汁,0.4,0.3,3.5,17
576,しょうが　漬物　酢漬,0.3,0.2,3.9,17
577,しょうが　漬物　甘酢漬,0.2,0.4,10.7,47
578,新しょうが　根茎　生,0.3,0.3,2.7,10
579,しろうり　果実　生,0.9,0.1,3.3,15
580,しろうり　漬物　塩漬,1.0,0.1,3.7,15
581,しろうり　漬物　奈良漬,4.6,0.2,40.0,216
582,ずいき　生ずいき　生,0.5,0,4.1,15
583,ずいき　生ずいき　ゆで,0.4,0,3.1,10
584,ずいき　干しずいき　乾,6.6,0.4,63.5,232
585,ずいき　干しずいき　ゆで,0.5,0,3.4,9
586,すいぜんじな　葉　生,0.6,0.6,3.4,16
587,すぐきな　葉　生,1.9,0.2,5.4,23
588,すぐきな　根　生,0.6,0.1,4.7,19
589,すぐきな　すぐき漬,2.6,0.7,6.1,30
590,ズッキーニ　果実　生,1.3,0.1,2.8,16
591,せり　茎葉　生,2.0,0.1,3.3,17
592,せり　茎葉　ゆで,2.1,0.1,3.4,17
593,セロリ　葉柄　生,0.4,0.1,3.6,12
594,ぜんまい　生ぜんまい　若芽　生,1.7,0.1,6.6,27
595,ぜんまい　生ぜんまい　若芽　ゆで,1.1,0.4,4.1,17
596,ぜんまい　干しぜんまい　干し若芽　乾,14.6,0.6,70.8,277
597,ぜんまい　干しぜんまい　干し若芽　ゆで,1.7,0.1,6.8,25
598,そらまめ　未熟豆　生,10.9,0.2,15.5,102
599,そらまめ　未熟豆　ゆで,10.5,0.2,16.9,103
600,タアサイ　葉　生,1.3,0.2,2.2,12
601,タアサイ　葉　ゆで,1.1,0.2,2.3,11
602,かいわれだいこん　芽ばえ　生,2.1,0.5,3.3,21
603,葉だいこん　葉　生,2.0,0.2,3.3,17
604,だいこん　葉　生,2.2,0.1,5.3,23
605,だいこん　葉　ゆで,2.2,0.1,5.4,24
606,だいこん　根　皮つき　生,0.5,0.1,4.1,15
607,だいこん　根　皮つき　ゆで,0.4,Tr,4.5,15
608,だいこん　根　皮なし　生,0.4,0.1,4.1,15
609,だいこん　根　皮なし　生　おろし,0.6,0.2,8.0,25
610,だいこん　根　皮なし　生　おろし汁,0.3,Tr,2.7,12
611,だいこん　根　皮なし　生　おろし水洗い,0.6,0.1,7.2,23
612,だいこん　根　皮なし　ゆで,0.5,0.1,4.0,15
613,切干しだいこん　乾,9.7,0.8,69.7,280
614,切干しだいこん　ゆで,0.9,0.1,4.1,13
615,切干しだいこん　油いため,1.5,6.0,7.6,78
616,漬物　いぶりがっこ,1.1,0.3,21.0,76
617,漬物　ぬかみそ漬,1.3,0.1,6.7,29
618,漬物　たくあん漬　塩押しだいこん漬,0.6,0.3,10.8,43
619,漬物　たくあん漬　干しだいこん漬,1.9,0.1,5.5,23
620,漬物　守口漬,5.3,0.2,44.3,194
621,漬物　べったら漬,0.4,0.2,13.1,53
622,漬物　みそ漬,2.1,0.3,11.4,52
623,漬物　福神漬,2.7,0.1,33.3,137
624,つまみな　葉　生,1.9,0.3,3.6,19
625,たいさい　葉　生,0.9,0.1,3.5,15
626,たいさい　塩漬,1.6,0.1,4.3,19
627,たかな　葉　生,1.8,0.2,4.2,21
628,たかな　たかな漬,1.9,0.6,6.2,30
629,たけのこ　若茎　生,3.6,0.2,4.3,27
630,たけのこ　若茎　ゆで,3.5,0.2,5.5,31
631,たけのこ　水煮缶詰,2.7,0.2,4.0,22
632,たけのこ　めんま　塩蔵　塩抜き,1.0,0.5,3.6,15
633,たまねぎ　りん茎　生,1.0,0.1,8.4,33
634,たまねぎ　りん茎　水さらし,0.6,0.1,6.1,24
635,たまねぎ　りん茎　ゆで,0.8,0.1,7.3,30
636,たまねぎ　りん茎　油いため,1.4,5.9,12.0,100
637,たまねぎ　りん茎　油いため　（あめ色たまねぎ）,3.2,6.8,34.1,208
638,赤たまねぎ　りん茎　生,0.9,0.1,9.0,34
639,葉たまねぎ　りん茎及び葉　生,1.8,0.4,7.6,33
640,たらのめ　若芽　生,4.2,0.2,4.3,27
641,たらのめ　若芽　ゆで,4.0,0.2,4.1,27
642,チコリ　若芽　生,1.0,Tr,3.9,17
643,ちぢみゆきな　葉　生,3.6,0.6,5.7,35
644,ちぢみゆきな　葉　ゆで,3.8,0.7,5.2,34
645,チンゲンサイ　葉　生,0.6,0.1,2.0,9
646,チンゲンサイ　葉　ゆで,0.9,0.1,2.4,11
647,チンゲンサイ　葉　油いため,0.8,3.2,2.2,36
648,つくし　胞子茎　生,3.5,0.1,8.1,31
649,つくし　胞子茎　ゆで,3.4,0.1,6.7,28
650,つるな　茎葉　生,1.8,0.1,2.8,15
651,つるにんじん　根　生,1.0,0.7,19.8,55
652,つるむらさき　茎葉　生,0.7,0.2,2.6,11
653,つるむらさき　茎葉　ゆで,0.9,0.2,3.2,12
654,つわぶき　葉柄　生,0.4,0,5.6,19
655,つわぶき　葉柄　ゆで,0.3,0,4.4,14
656,とうがらし　葉･果実　生,3.4,0.1,7.2,32
657,とうがらし　葉･果実　油いため,4.0,4.9,8.5,81
658,とうがらし　果実　生,3.9,3.4,16.3,72
659,とうがらし　果実　乾,14.7,12.0,58.4,270
660,とうがん　果実　生,0.5,0.1,3.8,15
661,とうがん　果実　ゆで,0.6,0.1,3.7,15
662,スイートコーン　未熟種子　生,3.6,1.7,16.8,89
663,スイートコーン　未熟種子　ゆで,3.5,1.7,18.6,95
664,スイートコーン　未熟種子　電子レンジ調理,4.2,2.2,19.1,104
665,スイートコーン　未熟種子　穂軸つき　冷凍,3.5,1.5,18.7,96
666,スイートコーン　未熟種子　カーネル　冷凍,2.9,1.3,19.8,91
667,スイートコーン　未熟種子　カーネル　冷凍　ゆで,2.8,1.5,18.7,92
668,スイートコーン　未熟種子　カーネル　冷凍　油いため,2.9,5.8,18.9,125
669,スイートコーン　缶詰　クリームスタイル,1.7,0.5,18.6,82
670,スイートコーン　缶詰　ホールカーネルスタイル,2.3,0.5,17.8,78
671,ヤングコーン　幼雌穂　生,2.3,0.2,6.0,29
672,赤色トマト　果実　生,0.7,0.1,4.7,20
673,赤色ミニトマト　果実　生,1.1,0.1,7.2,30
674,黄色トマト　果実　生,1.1,0.4,3.2,18
675,ドライトマト,14.2,2.1,67.3,291
676,ホールトマト　食塩無添加,0.9,0.2,4.4,21
677,トマトジュース　食塩添加,0.7,0.1,4.0,15
678,トマトジュース　食塩無添加,0.7,0.1,4.0,18
679,ミックスジュース　食塩添加,0.6,0,4.3,18
680,ミックスジュース　食塩無添加,0.6,0,4.3,18
681,トレビス　葉　生,1.1,0.2,3.9,17
682,とんぶり　ゆで,6.1,3.5,12.9,89
683,ながさきはくさい　葉　生,1.3,0.1,2.6,12
684,ながさきはくさい　葉　ゆで,2.2,0.1,3.4,18
685,なす　果実　生,1.1,0.1,5.1,18
686,なす　果実　ゆで,1.0,0.1,4.5,17
687,なす　果実　油いため,1.5,5.8,6.3,73
688,なす　果実　天ぷら,1.6,14.0,12.0,165
689,べいなす　果実　生,1.1,0.1,5.3,20
690,べいなす　果実　素揚げ,1.0,17.0,6.7,177
691,（なす類）　漬物　塩漬,1.4,0.1,5.2,22
692,（なす類）　漬物　ぬかみそ漬,1.7,0.1,6.1,27
693,（なす類）　漬物　こうじ漬,5.5,0.1,18.2,87
694,（なす類）　漬物　からし漬,2.6,0.2,30.7,127
695,（なす類）　漬物　しば漬,1.4,0.2,7.0,27
696,なずな　葉　生,4.3,0.1,7.0,35
697,和種なばな　花らい・茎　生,4.4,0.2,5.8,34
698,和種なばな　花らい・茎　ゆで,4.7,0.1,4.3,28
699,洋種なばな　茎葉　生,4.1,0.4,6.0,36
700,洋種なばな　茎葉　ゆで,3.6,0.4,5.3,30
701,にがうり　果実　生,1.0,0.1,3.9,15
702,にがうり　果実　油いため,1.2,3.3,4.6,47
703,にら　葉　生,1.7,0.3,4.0,18
704,にら　葉　ゆで,2.6,0.5,5.7,27
705,にら　葉　油いため,1.9,5.7,4.9,69
706,花にら　花茎・花らい　生,1.9,0.2,5.9,27
707,黄にら　葉　生,2.1,0.1,3.3,18
708,葉にんじん　葉　生,1.1,0.2,3.7,16
709,にんじん　根　皮つき　生,0.7,0.2,9.3,35
710,にんじん　根　皮つき　ゆで,0.6,0.2,8.4,29
711,にんじん　根　皮なし　生,0.8,0.1,8.7,30
712,にんじん　根　皮なし　ゆで,0.7,0.1,8.5,28
713,にんじん　根　皮なし　油いため,1.1,6.4,12.4,103
714,にんじん　根　皮なし　素揚げ,1.0,3.5,13.9,87
715,にんじん　根　皮　生,0.7,0.2,7.3,26
716,にんじん　根　冷凍,0.8,0.2,8.2,30
717,にんじん　根　冷凍　ゆで,0.7,0.2,7.0,24
718,にんじん　根　冷凍　油いため,0.9,4.0,9.3,65
719,にんじん　グラッセ,0.7,1.4,12.7,53
720,にんじん　ジュース　缶詰,0.6,0.1,6.7,29
721,きんとき　根　皮つき　生,1.8,0.2,9.6,39
722,きんとき　根　皮つき　ゆで,1.9,0.2,9.2,37
723,きんとき　根　皮なし　生,1.8,0.3,9.7,40
724,きんとき　根　皮なし　ゆで,1.9,0.4,9.6,40
725,ミニキャロット　根　生,0.7,0.2,7.5,26
726,にんにく　りん茎　生,6.4,0.9,27.5,129
727,にんにく　りん茎　油いため,8.2,5.9,30.6,191
728,茎にんにく　花茎　生,1.9,0.3,10.6,44
729,茎にんにく　花茎　ゆで,1.7,0.2,10.7,43
730,根深ねぎ　葉　軟白　生,1.4,0.1,8.3,35
731,根深ねぎ　葉　軟白　ゆで,1.3,0.1,6.8,28
732,根深ねぎ　葉　軟白　油いため,1.6,4.4,9.5,77
733,葉ねぎ　葉　生,1.9,0.3,6.5,29
734,葉ねぎ　葉　油いため,2.1,5.2,7.9,77
735,こねぎ　葉　生,2.0,0.3,5.4,26
736,のざわな　葉　生,0.9,0.1,3.5,14
737,のざわな　漬物　塩漬,1.2,0.1,4.1,17
738,のざわな　漬物　調味漬,1.7,0,5.4,22
739,のびる　りん茎葉　生,3.2,0.2,15.5,63
740,はくさい　結球葉　生,0.8,0.1,3.2,13
741,はくさい　結球葉　ゆで,0.9,0.1,2.9,13
742,はくさい　漬物　塩漬,1.5,0.1,3.3,17
743,はくさい　漬物　キムチ,2.3,0.1,5.4,27
744,パクチョイ　葉　生,1.6,0.2,2.7,15
745,バジル　葉　生,2.0,0.6,4.0,21
746,パセリ　葉　生,4.0,0.7,7.8,34
747,はつかだいこん　根　生,0.8,0.1,3.1,13
748,はなっこりー　生,3.6,0.5,5.4,35
749,はやとうり　果実　白色種　生,0.6,0.1,4.9,20
750,はやとうり　果実　白色種　塩漬,0.6,Tr,4.4,17
751,はやとうり　果実　緑色種　生,0.6,0.1,4.9,21
752,ビーツ　根　生,1.6,0.1,9.3,38
753,ビーツ　根　ゆで,1.5,0.1,10.2,42
754,青ピーマン　果実　生,0.9,0.2,5.1,20
755,青ピーマン　果実　油いため,0.9,4.3,5.4,54
756,赤ピーマン　果実　生,1.0,0.2,7.2,28
757,赤ピーマン　果実　油いため,1.0,4.3,7.6,69
758,オレンジピーマン　果実　生,0.9,0.3,4.2,19
759,オレンジピーマン　果実　油いため,1.1,5.1,7.6,81
760,黄ピーマン　果実　生,0.8,0.2,6.6,28
761,黄ピーマン　果実　油いため,0.8,4.3,6.9,61
762,トマピー　果実　生,1.0,0.2,7.5,33
763,ひのな　根・茎葉　生,1.0,Tr,4.7,17
764,ひのな　根・茎葉　甘酢漬,1.4,0.5,17.3,70
765,ひろしまな　葉　生,1.5,0.2,4.2,19
766,ひろしまな　塩漬,1.2,0.2,3.3,15
767,ふき　葉柄　生,0.3,0,3.0,11
768,ふき　葉柄　ゆで,0.3,0,1.9,7
769,ふきのとう　花序　生,2.5,0.1,10.0,38
770,ふきのとう　花序　ゆで,2.5,0.1,7.0,31
771,ふじまめ　若ざや　生,2.5,0.1,7.4,32
772,ふだんそう　葉　生,2.0,0.1,3.7,17
773,ふだんそう　葉　ゆで,2.8,0.1,5.4,26
774,ブロッコリー　花序　生,5.4,0.6,6.6,37
775,ブロッコリー　花序　ゆで,3.9,0.4,5.2,30
776,ブロッコリー　花序　電子レンジ調理,5.7,0.7,7.0,57
777,ブロッコリー　花序　焼き,9.9,1.2,8.4,84
778,ブロッコリー　花序　油いため,6.9,6.3,6.1,109
779,ブロッコリー　芽ばえ　生,1.9,0.6,2.6,18
780,へちま　果実　生,0.8,0.1,3.8,17
781,へちま　果実　ゆで,1.6,0.1,3.7,19
782,ほうれんそう　葉　通年平均　生,2.2,0.4,3.1,18
783,ほうれんそう　葉　通年平均　ゆで,2.6,0.5,4.0,23
784,ほうれんそう　葉　通年平均　油いため,3.8,8.1,4.4,91
785,ほうれんそう　葉　夏採り　生,2.2,0.4,3.1,18
786,ほうれんそう　葉　夏採り　ゆで,2.6,0.5,4.0,23
787,ほうれんそう　葉　冬採り　生,2.2,0.4,3.1,18
788,ほうれんそう　葉　冬採り　ゆで,2.6,0.5,4.0,23
789,ほうれんそう　葉　冷凍,2.9,0.3,3.4,22
790,ほうれんそう　葉　冷凍　ゆで,3.7,0.5,3.8,27
791,ほうれんそう　葉　冷凍　油いため,4.0,4.5,5.4,67
792,ホースラディシュ　根茎　生,3.1,0.3,17.7,69
793,まこも　茎　生,1.3,0.2,4.4,19
794,みずかけな　葉　生,2.9,0.1,4.7,25
795,みずかけな　塩漬,4.9,Tr,5.7,34
796,みずな　葉　生,2.2,0.1,4.8,23
797,みずな　葉　ゆで,2.0,0.1,4.7,21
798,みずな　塩漬,2.0,0.1,5.9,26
799,切りみつば　葉　生,1.0,0.1,4.0,16
800,切りみつば　葉　ゆで,0.9,0.1,3.3,12
801,根みつば　葉　生,1.9,0.1,4.1,19
802,根みつば　葉　ゆで,2.3,0.1,3.9,19
803,糸みつば　葉　生,0.9,0.1,2.9,12
804,糸みつば　葉　ゆで,1.1,0,4.0,14
805,みぶな　葉　生,1.1,0.3,2.9,14
806,みょうが　花穂　生,0.9,0.1,2.6,11
807,みょうがたけ　茎葉　生,0.4,0.1,1.5,6
808,むかご　肉芽　生,2.9,0.2,20.6,87
809,めキャベツ　結球葉　生,5.7,0.1,9.9,52
810,めキャベツ　結球葉　ゆで,5.3,0.1,9.8,51
811,めたで　芽ばえ　生,3.0,0.5,8.8,39
812,アルファルファもやし　生,1.6,0.1,2.0,11
813,だいずもやし　生,3.7,1.5,2.3,29
814,だいずもやし　ゆで,2.9,1.6,2.2,27
815,ブラックマッペもやし　生,2.2,Tr,2.8,17
816,ブラックマッペもやし　ゆで,1.3,Tr,2.7,13
817,ブラックマッペもやし　油いため,2.3,0.9,5.8,41
818,りょくとうもやし　生,1.7,0.1,2.6,15
819,りょくとうもやし　ゆで,1.6,0,2.3,12
820,モロヘイヤ　茎葉　生,4.8,0.5,6.3,36
821,モロヘイヤ　茎葉　ゆで,3.0,0.4,4.0,24
822,やぶまめ　生,15.5,6.5,29.5,219
823,やまごぼう　みそ漬,4.1,0.1,15.6,66
824,ゆりね　りん茎　生,3.8,0.1,28.3,119
825,ゆりね　りん茎　ゆで,3.4,0.1,28.7,117
826,ようさい　茎葉　生,2.2,0.1,3.1,17
827,ようさい　茎葉　ゆで,2.2,0.1,4.1,18
828,よめな　葉　生,3.4,0.2,10.0,40
829,よもぎ　葉　生,5.2,0.3,8.7,43
830,よもぎ　葉　ゆで,4.8,0.1,8.2,37
831,らっかせい　未熟豆　生,12.0,24.2,12.4,306
832,らっかせい　未熟豆　ゆで,11.9,23.5,12.3,298
833,らっきょう　りん茎　生,1.4,0.2,29.3,83
834,らっきょう　甘酢漬,0.4,0.3,29.4,118
835,エシャレット　りん茎　生,2.3,0.2,17.8,59
836,リーキ　りん茎葉　生,1.6,0.1,6.9,30
837,リーキ　りん茎葉　ゆで,1.3,0.1,6.8,28
838,ルッコラ　葉　生,1.9,0.4,3.1,17
839,ルバーブ　葉柄　生,0.7,0.1,6.0,23
840,ルバーブ　葉柄　ゆで,0.5,0.1,4.6,14
841,レタス　土耕栽培　結球葉　生,0.6,0.1,2.8,11
842,レタス　水耕栽培　結球葉　生,0.8,0.2,2.9,13
843,サラダな　葉　生,1.0,0.2,2.7,10
844,リーフレタス　葉　生,1.4,0.1,3.3,16
845,サニーレタス　葉　生,1.2,0.2,3.2,15
846,サンチュ　葉　生,1.2,0.4,2.5,14
847,コスレタス　葉　生,1.2,0.2,3.4,16
848,れんこん　根茎　生,1.9,0.1,15.5,66
849,れんこん　根茎　ゆで,1.3,0.1,16.1,66
850,れんこん　甘酢れんこん,0.6,0.2,16.5,68
851,わけぎ　葉　生,1.6,0,7.4,30
852,わけぎ　葉　ゆで,1.9,0,6.9,29
853,わさび　根茎　生,5.6,0.2,18.4,89
854,わさび　わさび漬,7.1,0.5,28.0,140
855,わらび　生わらび　生,2.4,0.1,4.0,19
856,わらび　生わらび　ゆで,1.5,0.1,3.0,13
857,わらび　干しわらび　乾,20.0,0.7,61.4,216
858,ミックスベジタブル　冷凍,3.0,0.7,15.1,67
859,ミックスベジタブル　冷凍　ゆで,3.1,0.8,14.6,65
860,ミックスベジタブル　冷凍　油いため,3.3,4.9,15.7,108
861,野菜ミックスジュース　通常タイプ,0.8,0.1,4.7,21
862,野菜ミックスジュース　濃縮タイプ,1.0,0.3,7.8,36
863,あけび　果肉　生,0.5,0.1,22.0,89
864,あけび　果皮　生,0.3,0.3,8.6,32
865,アサイー　冷凍　無糖,0.9,5.3,5.0,62
866,アセロラ　酸味種　生,0.7,0.1,9.0,36
867,アセロラ　甘味種　生,0.7,0.1,9.0,36
868,アセロラ　果実飲料　10%果汁入り飲料,0.1,0,10.5,42
869,アテモヤ　生,1.8,0.4,19.4,81
870,アボカド　生,2.1,17.5,7.9,178
871,あんず　生,1.0,0.3,8.5,37
872,あんず　乾,9.2,0.4,70.4,296
873,あんず　缶詰,0.5,0.4,18.9,79
874,あんず　ジャム　高糖度,0.3,0.1,64.9,252
875,あんず　ジャム　低糖度,0.4,0.1,50.5,202
876,いちご　生,0.9,0.1,8.5,31
877,いちご　ジャム　高糖度,0.4,0.1,63.3,250
878,いちご　ジャム　低糖度,0.5,0.1,48.4,194
879,いちご　乾,0.5,0.2,82.8,329
880,いちじく　生,0.6,0.1,14.3,57
881,いちじく　乾,3.0,1.1,75.3,272
882,いちじく　缶詰,0.5,0.1,19.4,78
883,うめ　生,0.7,0.5,7.9,33
884,うめ　梅漬　塩漬,0.7,0.4,6.7,27
885,うめ　梅漬　調味漬,1.5,0.5,10.5,45
886,うめ　梅干し　塩漬,0.9,0.7,8.6,29
887,うめ　梅干し　調味漬,1.5,0.6,21.1,90
888,うめ　梅びしお,0.7,0.5,48.1,196
889,うめ　果実飲料　20%果汁入り飲料,Tr,Tr,12.3,49
890,オリーブ　塩漬　グリーンオリーブ,1.0,15.0,4.5,148
891,オリーブ　塩漬　ブラックオリーブ,0.8,12.3,3.4,121
892,オリーブ　塩漬　スタッフドオリーブ,0.8,14.3,4.2,141
893,かき　甘がき　生,0.4,0.2,15.9,63
894,かき　渋抜きがき　生,0.5,0.1,16.9,59
895,かき　干しがき,1.5,1.7,71.3,274
896,かりん　生,0.4,0.1,18.3,58
897,いよかん　砂じょう　生,0.9,0.1,11.8,50
898,うんしゅうみかん　じょうのう　早生　生,0.5,0.1,11.9,49
899,うんしゅうみかん　じょうのう　普通　生,0.7,0.1,12.0,49
900,うんしゅうみかん　砂じょう　早生　生,0.5,0.1,11.3,47
901,うんしゅうみかん　砂じょう　普通　生,0.7,0.1,11.5,49
902,うんしゅうみかん　果実飲料　ストレートジュース,0.5,0.1,10.6,45
903,うんしゅうみかん　果実飲料　濃縮還元ジュース,0.5,0.1,9.9,42
904,うんしゅうみかん　果実飲料　果粒入りジュース,0.2,Tr,13.0,53
905,うんしゅうみかん　果実飲料　50%果汁入り飲料,0.2,Tr,14.7,59
906,うんしゅうみかん　果実飲料　20%果汁入り飲料,0.1,Tr,12.4,50
907,うんしゅうみかん　缶詰　果肉,0.5,0.1,15.3,63
908,うんしゅうみかん　缶詰　液汁,0.3,0.1,15.3,63
909,オレンジ　ネーブル　砂じょう　生,0.9,0.1,11.8,48
910,オレンジ　バレンシア　米国産　砂じょう　生,1.0,0.1,9.8,42
911,オレンジ　バレンシア　果実飲料　ストレートジュース,0.8,Tr,11.0,45
912,オレンジ　バレンシア　果実飲料　濃縮還元ジュース,0.7,0.1,10.7,46
913,オレンジ　バレンシア　果実飲料　50%果汁入り飲料,0.4,0.2,10.8,46
914,オレンジ　バレンシア　果実飲料　30%果汁入り飲料,0.2,Tr,10.0,41
915,オレンジ　バレンシア　マーマレード　高糖度,0.2,0.1,63.2,233
916,オレンジ　バレンシア　マーマレード　低糖度,0.3,0.1,47.7,190
917,オレンジ　福原オレンジ　砂じょう　生,1.0,0.1,9.8,43
918,オロブランコ　砂じょう　生,0.8,0.1,10.1,43
919,かぼす　果汁　生,0.4,0.1,8.5,36
920,かわちばんかん　砂じょう　生,0.7,0.2,8.8,38
921,きよみ　砂じょう　生,0.8,0.2,10.3,45
922,きんかん　全果　生,0.5,0.7,17.5,67
923,グレープフルーツ　白肉種　砂じょう　生,0.9,0.1,9.6,40
924,グレープフルーツ　紅肉種　砂じょう　生,0.9,0.1,9.6,40
925,グレープフルーツ　果実飲料　ストレートジュース,0.6,0.1,10.3,44
926,グレープフルーツ　果実飲料　濃縮還元ジュース,0.7,0.1,8.8,38
927,グレープフルーツ　果実飲料　50%果汁入り飲料,0.3,Tr,11.1,45
928,グレープフルーツ　果実飲料　20%果汁入り飲料,0.1,Tr,9.7,39
929,グレープフルーツ　缶詰,0.5,Tr,17.1,60
930,さんぼうかん　砂じょう　生,0.7,0.3,10.9,47
931,シークヮーサー　果汁　生,0.8,0.1,7.9,35
932,シークヮーサー　果実飲料　10%果汁入り飲料,0.1,Tr,11.8,48
933,しらぬひ　砂じょう　生,0.8,0.2,12.9,56
934,すだち　果皮　生,1.8,0.3,16.4,55
935,すだち　果汁　生,0.5,0.1,6.6,29
936,せとか　砂じょう　生,0.8,0.2,11.7,50
937,セミノール　砂じょう　生,1.1,0.1,12.4,53
938,だいだい　果汁　生,0.3,0.2,8.0,35
939,なつみかん　砂じょう　生,0.9,0.1,10.0,42
940,なつみかん　缶詰,0.5,0.1,19.4,80
941,はっさく　砂じょう　生,0.8,0.1,11.5,47
942,はるみ　砂じょう　生,0.9,0.2,12.1,52
943,ひゅうがなつ　じょうのう及びアルベド　生,0.6,0.1,11.7,46
944,ひゅうがなつ　砂じょう　生,0.6,0.1,8.3,35
945,ぶんたん　砂じょう　生,0.7,0.1,9.8,41
946,ぶんたん　ざぼん漬,0.2,0.1,85.5,338
947,ぽんかん　砂じょう　生,0.9,0.1,9.9,42
948,ゆず　果皮　生,1.2,0.5,14.2,50
949,ゆず　果汁　生,0.5,0.1,7.0,30
950,ライム　果汁　生,0.4,0.1,9.3,39
951,レモン　全果　生,0.9,0.7,12.5,43
952,レモン　果汁　生,0.4,0.2,8.6,24
953,キウイフルーツ　緑肉種　生,1.0,0.2,13.4,51
954,キウイフルーツ　黄肉種　生,1.1,0.2,14.9,63
955,きはだ　実　乾,7.3,9.8,65.1,378
956,キワノ　生,1.5,0.9,8.0,41
957,グァバ　赤肉種　生,0.6,0.1,9.9,33
958,グァバ　白肉種　生,0.6,0.1,9.9,33
959,グァバ　果実飲料　20%果汁入り飲料　（ネクター）,0.1,0.1,12.3,49
960,グァバ　果実飲料　10%果汁入り飲料,0.1,0.1,12.3,50
961,くこ　実　乾,12.3,4.1,75.3,387
962,ぐみ　生,1.3,0.2,17.2,72
963,ココナッツ　ココナッツウォーター,0.2,0.1,5.0,22
964,ココナッツ　ココナッツミルク,1.9,16.0,2.8,157
965,ココナッツ　ナタデココ,0,Tr,20.2,80
966,さくらんぼ　国産　生,1.0,0.2,15.2,64
967,さくらんぼ　米国産　生,1.2,0.1,17.1,64
968,さくらんぼ　米国産　缶詰,0.6,0.1,17.6,70
969,ざくろ　生,0.2,Tr,15.5,63
970,すいか　赤肉種　生,0.6,0.1,9.5,41
971,すいか　黄肉種　生,0.6,0.1,9.5,41
972,カシス　冷凍,1.6,1.6,13.4,62
973,グーズベリー　生,1.0,0.1,13.2,51
974,スターフルーツ　生,0.7,0.1,7.5,30
975,にほんすもも　生,0.6,1.0,9.4,46
976,プルーン　生,0.7,0.1,12.6,49
977,プルーン　乾,2.4,0.2,62.3,211
978,チェリモヤ　生,1.3,0.3,19.8,82
979,ドラゴンフルーツ　生,1.4,0.3,11.8,52
980,ドリアン　生,2.3,3.3,27.1,140
981,日本なし　生,0.3,0.1,11.3,38
982,日本なし　缶詰,0.1,0.1,19.1,76
983,中国なし　生,0.2,0.1,12.7,49
984,西洋なし　生,0.3,0.1,14.4,48
985,西洋なし　缶詰,0.2,0.1,20.7,79
986,なつめ　乾,3.9,2.0,71.4,294
987,なつめやし　乾,2.2,0.2,71.3,281
988,パインアップル　生,0.6,0.1,13.7,54
989,パインアップル　焼き,0.9,0.2,20.1,75
990,パインアップル　果実飲料　ストレートジュース,0.3,0.1,11.0,46
991,パインアップル　果実飲料　濃縮還元ジュース,0.1,0.1,11.1,45
992,パインアップル　果実飲料　50%果汁入り飲料,0.3,0.1,12.1,50
993,パインアップル　果実飲料　10%果汁入り飲料,Tr,Tr,12.4,50
994,パインアップル　缶詰,0.4,0.1,20.3,76
995,パインアップル　砂糖漬,0.5,0.2,86.8,349
996,ハスカップ　生,0.7,0.6,12.8,55
997,パッションフルーツ　果汁　生,0.8,0.4,16.2,67
998,バナナ　生,1.1,0.2,22.5,93
999,バナナ　乾,3.8,0.4,78.5,314
1000,パパイア　完熟　生,0.5,0.2,9.5,33
1001,パパイア　未熟　生,1.3,0.1,9.4,35
1002,びわ　生,0.3,0.1,10.6,41
1003,びわ　缶詰,0.3,0.1,19.8,80
1004,ぶどう　皮なし　生,0.4,0.1,15.7,58
1005,ぶどう　皮つき　生,0.6,0.2,16.9,69
1006,ぶどう　干しぶどう,2.7,0.2,80.3,324
1007,ぶどう　果実飲料　ストレートジュース,0.3,0.2,14.3,54
1008,ぶどう　果実飲料　濃縮還元ジュース,0.3,0.3,12.0,46
1009,ぶどう　果実飲料　70%果汁入り飲料,0.2,Tr,12.9,52
1010,ぶどう　果実飲料　10%果汁入り飲料,Tr,Tr,13.1,52
1011,ぶどう　缶詰,0.4,0.1,20.4,83
1012,ぶどう　ジャム,0.5,0.1,47.5,189
1013,ブルーベリー　生,0.5,0.1,12.9,48
1014,ブルーベリー　ジャム,0.7,0.3,43.8,174
1015,ブルーベリー　乾,2.7,1.9,72.5,280
1016,ホワイトサポテ　生,1.5,0.1,18.9,73
1017,まくわうり　黄肉種　生,0.8,0.1,7.8,34
1018,まくわうり　白肉種　生,0.8,0.1,7.8,34
1019,マルメロ　生,0.3,0.1,15.1,48
1020,マンゴー　生,0.6,0.1,16.9,68
1021,マンゴー　ドライマンゴー,3.1,0.7,84.9,339
1022,マンゴスチン　生,0.6,0.2,17.5,71
1023,メロン　温室メロン　生,1.1,0.1,10.3,40
1024,メロン　露地メロン　緑肉種　生,1.0,0.1,10.4,45
1025,メロン　露地メロン　赤肉種　生,1.0,0.1,10.4,45
1026,もも　白肉種　生,0.6,0.1,10.2,38
1027,もも　黄肉種　生,0.5,0.2,13.4,48
1028,もも　果実飲料　30%果汁入り飲料　（ネクター）,0.2,0.1,11.6,46
1029,もも　缶詰　白肉種　果肉,0.5,0.1,20.6,82
1030,もも　缶詰　黄肉種　果肉,0.5,0.1,20.6,83
1031,もも　缶詰　液汁,0.3,0.1,19.8,81
1032,ネクタリン　生,0.7,0.3,10.7,39
1033,やまもも　生,0.5,0.2,11.3,47
1034,ライチー　生,1.0,0.1,16.4,61
1035,ラズベリー　生,1.1,0.1,10.2,36
1036,りゅうがん　乾,5.1,0.4,72.9,310
1037,りんご　皮なし　生,0.1,0.2,15.5,53
1038,りんご　皮つき　生,0.2,0.3,16.2,56
1039,りんご　皮つき　焼き,0.2,0.4,21.9,86
1040,りんご　果実飲料　ストレートジュース,0.2,0.1,11.8,43
1041,りんご　果実飲料　濃縮還元ジュース,0.1,0.2,11.4,47
1042,りんご　果実飲料　50%果汁入り飲料,0.1,Tr,11.5,46
1043,りんご　果実飲料　30%果汁入り飲料,Tr,Tr,11.4,46
1044,りんご　缶詰,0.3,0.1,20.1,81
1045,りんご　ジャム,0.2,0.1,52.7,203
1046,えのきたけ　生,2.7,0.2,7.6,34
1047,えのきたけ　ゆで,2.8,0.1,7.8,34
1048,えのきたけ　油いため,3.0,3.9,8.8,71
1049,えのきたけ　味付け瓶詰,3.6,0.3,16.9,76
1050,あらげきくらげ　生,0.7,0.1,5.4,14
1051,あらげきくらげ　乾,6.9,0.7,77.0,184
1052,あらげきくらげ　ゆで,1.2,0.1,16.1,38
1053,あらげきくらげ　油いため,2.3,5.2,27.8,110
1054,きくらげ　乾,7.9,2.1,71.1,216
1055,きくらげ　ゆで,0.6,0.2,5.2,14
1056,しろきくらげ　乾,4.9,0.7,74.5,170
1057,しろきくらげ　ゆで,0.4,Tr,6.7,15
1058,くろあわびたけ　生,3.7,0.4,4.9,28
1059,しいたけ　生しいたけ　菌床栽培　生,3.1,0.3,6.4,25
1060,しいたけ　生しいたけ　菌床栽培　ゆで,2.5,0.4,5.1,22
1061,しいたけ　生しいたけ　菌床栽培　油いため,3.3,4.1,7.3,65
1062,しいたけ　生しいたけ　菌床栽培　天ぷら,3.4,14.0,17.8,201
1063,しいたけ　生しいたけ　原木栽培　生,3.1,0.4,7.6,34
1064,しいたけ　生しいたけ　原木栽培　ゆで,2.4,0.4,5.9,27
1065,しいたけ　生しいたけ　原木栽培　油いため,3.8,5.4,8.8,84
1066,しいたけ　乾しいたけ　乾,21.2,2.8,62.5,258
1067,しいたけ　乾しいたけ　ゆで,3.1,0.3,9.9,40
1068,しいたけ　乾しいたけ　甘煮,3.3,0.4,28.9,116
1069,はたけしめじ　生,2.6,0.3,4.5,25
1070,はたけしめじ　ゆで,2.6,0.3,5.1,25
1071,ぶなしめじ　生,2.7,0.5,4.8,22
1072,ぶなしめじ　ゆで,2.7,0.2,5.2,22
1073,ぶなしめじ　油いため,3.0,5.5,4.8,66
1074,ぶなしめじ　素揚げ,3.9,14.3,10.1,168
1075,ぶなしめじ　天ぷら,3.4,17.1,23.2,248
1076,ほんしめじ　生,2.5,0.4,2.8,21
1077,ほんしめじ　ゆで,2.8,0.6,4.1,26
1078,たもぎたけ　生,3.6,0.3,3.7,23
1079,なめこ　株採り　生,1.8,0.2,5.4,21
1080,なめこ　株採り　ゆで,1.6,0.1,5.1,22
1081,なめこ　カットなめこ　生,1.1,0.1,3.6,14
1082,なめこ　水煮缶詰,1.0,0.1,3.2,13
1083,ぬめりすぎたけ　生,2.3,0.4,4.1,23
1084,うすひらたけ　生,6.1,0.2,4.8,37
1085,エリンギ　生,2.8,0.4,6.0,31
1086,エリンギ　ゆで,3.2,0.5,6.5,32
1087,エリンギ　焼き,4.2,0.5,9.1,41
1088,エリンギ　油いため,3.2,3.7,8.1,69
1089,ひらたけ　生,3.3,0.3,6.2,34
1090,ひらたけ　ゆで,3.4,0.2,6.6,33
1091,まいたけ　生,2.0,0.5,4.4,22
1092,まいたけ　ゆで,1.6,0.5,6.4,27
1093,まいたけ　油いため,2.6,4.4,6.8,67
1094,まいたけ　乾,21.9,3.9,59.9,273
1095,マッシュルーム　生,2.9,0.3,2.1,15
1096,マッシュルーム　ゆで,3.8,0.2,3.7,20
1097,マッシュルーム　油いため,3.6,4.5,4.5,57
1098,マッシュルーム　水煮缶詰,3.4,0.2,3.3,18
1099,まつたけ　生,2.0,0.6,8.2,32
1100,やなぎまつたけ　生,2.4,0.1,4.0,20
1101,あおさ　素干し,22.1,0.6,41.7,201
1102,あおのり　素干し,29.4,5.2,41.0,249
1103,あまのり　ほしのり,39.4,3.7,38.7,276
1104,あまのり　焼きのり,41.4,3.7,44.3,297
1105,あまのり　味付けのり,40.0,3.5,41.8,301
1106,あらめ　蒸し干し,12.4,0.7,56.2,183
1107,いわのり　素干し,34.8,0.7,39.1,228
1108,うみぶどう　生,0.5,0.1,1.2,6
1109,えごのり　素干し,9.0,0.1,62.2,179
1110,えごのり　おきうと,0.3,0.1,2.5,7
1111,おごのり　塩蔵　塩抜き,1.3,0.1,8.8,26
1112,かわのり　素干し,38.1,1.6,41.7,246
1113,えながおにこんぶ　素干し,11.0,1.0,55.7,224
1114,がごめこんぶ　素干し,7.9,0.5,62.1,216
1115,ながこんぶ　素干し,8.3,1.5,58.5,205
1116,ほそめこんぶ　素干し,6.9,1.7,62.9,227
1117,まこんぶ　素干し　乾,5.8,1.3,64.3,170
1118,まこんぶ　素干し　水煮,1.1,0.3,11.6,28
1119,みついしこんぶ　素干し,7.7,1.9,64.7,235
1120,りしりこんぶ　素干し,8.0,2.0,56.5,211
1121,刻み昆布,5.4,0.5,46.0,119
1122,削り昆布,6.5,0.9,50.2,177
1123,塩昆布,16.9,0.4,37.0,193
1124,つくだ煮,6.0,1.0,33.3,152
1125,すいぜんじのり　素干し　水戻し,1.5,Tr,2.1,10
1126,てんぐさ　素干し,16.1,1.0,53.8,194
1127,てんぐさ　ところてん,0.2,0,0.6,2
1128,てんぐさ　角寒天,2.4,0.2,74.1,159
1129,てんぐさ　寒天,Tr,Tr,1.5,3
1130,てんぐさ　粉寒天,0.2,0.3,81.7,160
1131,とさかのり　赤とさか　塩蔵　塩抜き,1.5,0.1,5.1,19
1132,とさかのり　青とさか　塩蔵　塩抜き,0.9,0.2,4.9,17
1133,ひじき　ほしひじき　ステンレス釜　乾,9.2,3.2,58.4,180
1134,ひじき　ほしひじき　ステンレス釜　ゆで,0.7,0.3,3.4,11
1135,ひじき　ほしひじき　ステンレス釜　油いため,0.8,4.7,4.1,51
1136,ひじき　ほしひじき　鉄釜　乾,9.2,3.2,56.0,186
1137,ひじき　ほしひじき　鉄釜　ゆで,0.7,0.3,3.4,13
1138,ひじき　ほしひじき　鉄釜　油いため,0.8,4.7,4.1,54
1139,ひとえぐさ　素干し,16.6,1.0,46.3,172
1140,ひとえぐさ　つくだ煮,14.4,1.3,21.1,148
1141,ふのり　素干し,13.8,1.0,57.8,207
1142,まつも　素干し,27.9,4.9,40.8,252
1143,むかでのり　塩蔵　塩抜き,0.6,0.1,4.2,12
1144,おきなわもずく　塩蔵　塩抜き,0.3,0.2,2.0,7
1145,もずく　塩蔵　塩抜き,0.2,0.1,1.4,4
1146,わかめ　原藻　生,1.9,0.2,5.6,24
1147,乾燥わかめ　素干し,13.6,1.6,41.3,164
1148,乾燥わかめ　素干し　水戻し,2.0,0.3,5.9,22
1149,乾燥わかめ　板わかめ,16.7,1.2,47.4,200
1150,乾燥わかめ　灰干し　水戻し,1.1,0.1,2.2,9
1151,カットわかめ　乾,17.9,4.0,42.1,186
1152,カットわかめ　水煮　（沸騰水で短時間加熱したもの）,1.3,0.8,3.8,17
1153,カットわかめ　水煮の汁,,,0.1,0
1154,湯通し塩蔵わかめ　塩抜き　生,1.5,0.3,3.4,13
1155,湯通し塩蔵わかめ　塩抜き　ゆで,0.6,0.1,1.4,7
1157,くきわかめ　湯通し塩蔵　塩抜き,1.1,0.3,5.5,18
1158,めかぶわかめ　生,0.9,0.6,3.4,14
1159,あいなめ　生,19.1,3.4,0.1,105
1160,あこうだい　生,16.8,2.3,0.1,86
1161,まあじ　皮つき　生,19.7,4.5,0.1,112
1162,まあじ　皮なし　生,19.7,4.1,0.2,108
1163,まあじ　皮つき　水煮,22.4,5.9,0.1,136
1164,まあじ　皮つき　焼き,25.9,6.4,0.1,157
1165,まあじ　皮つき　フライ,20.1,18.2,7.9,270
1166,まあじ　開き干し　生,20.2,8.8,0.1,150
1167,まあじ　開き干し　焼き,24.6,12.3,0.1,194
1168,まあじ　小型　骨付き　生,17.8,5.0,0.1,114
1169,まあじ　小型　骨付き　から揚げ,24.0,18.6,3.5,268
1170,まるあじ　生,22.1,5.6,0.2,133
1171,まるあじ　焼き,28.7,7.7,0.2,175
1172,にしまあじ　生,19.6,9.1,0.1,156
1173,にしまあじ　水煮,21.7,8.8,0.1,160
1174,にしまあじ　焼き,24.7,10.4,0.1,186
1175,むろあじ　生,23.6,6.9,0.4,147
1176,むろあじ　焼き,29.7,6.2,0.6,167
1177,むろあじ　開き干し,22.9,6.2,0.1,140
1178,むろあじ　くさや,49.9,3.0,0.3,219
1179,あなご　生,17.3,9.3,Tr,146
1180,あなご　蒸し,17.6,12.7,Tr,173
1181,あまご　養殖　生,18.3,3.6,0.1,99
1182,あまだい　生,18.8,3.6,Tr,102
1183,あまだい　水煮,20.7,4.0,Tr,113
1184,あまだい　焼き,22.5,2.6,Tr,110
1185,あゆ　天然　生,18.3,2.4,0.1,93
1186,あゆ　天然　焼き,26.6,6.8,0.1,149
1187,あゆ　天然　内臓　生,9.5,17.5,0.3,180
1188,あゆ　天然　内臓　焼き,23.0,10.1,0.4,161
1189,あゆ　養殖　生,17.8,7.9,0.6,138
1190,あゆ　養殖　焼き,22.6,15.1,0.8,202
1191,あゆ　養殖　内臓　生,7.4,55.0,0.3,485
1192,あゆ　養殖　内臓　焼き,15.2,52.3,0.4,500
1193,あゆ　うるか,11.4,13.1,1.8,157
1194,アラスカめぬけ　生,17.2,3.4,0.1,96
1195,あんこう　生,13.0,0.2,0.3,54
1196,あんこう　きも　生,10.0,41.9,2.2,401
1197,いかなご　生,17.2,5.5,0.1,111
1198,いかなご　煮干し,43.1,6.1,1.5,218
1199,いかなご　つくだ煮,29.4,4.6,30.7,271
1200,いかなご　あめ煮,25.6,3.7,35.8,268
1201,いさき　生,17.2,5.7,0.1,116
1202,いしだい　生,19.5,7.8,Tr,138
1203,いとよりだい　生,18.1,1.7,0.1,85
1204,いとよりだい　すり身,16.7,0.4,5.1,88
1205,いぼだい　生,16.4,8.5,Tr,132
1206,うるめいわし　生,21.3,4.8,0.3,124
1207,うるめいわし　丸干し,45.0,5.1,0.3,219
1208,かたくちいわし　生,18.2,12.1,0.3,171
1209,かたくちいわし　煮干し,64.5,6.2,0.3,298
1210,かたくちいわし　田作り,66.6,5.7,0.3,304
1211,まいわし　生,19.2,9.2,0.2,156
1212,まいわし　水煮,22.4,8.7,0.2,182
1213,まいわし　焼き,25.3,9.4,0.2,199
1214,まいわし　フライ,20.0,30.3,10.7,384
1215,まいわし　塩いわし,16.8,9.6,0.4,143
1216,まいわし　生干し,20.6,16.0,1.1,217
1217,まいわし　丸干し,32.8,5.5,0.7,177
1218,めざし　生,18.2,18.9,0.5,206
1219,めざし　焼き,23.7,15.0,0.7,200
1220,しらす　生,15.0,1.3,0.1,67
1221,しらす　釜揚げしらす,17.6,1.7,Tr,80
1222,しらす干し　微乾燥品,24.5,2.1,0.1,113
1223,しらす干し　半乾燥品,40.5,3.5,0.5,187
1224,たたみいわし,75.1,5.6,0.7,348
1225,みりん干し　かたくちいわし,44.3,7.0,25.0,330
1226,みりん干し　まいわし,31.4,15.7,16.3,314
1227,（いわし類）　缶詰　水煮,20.7,10.6,0.1,168
1228,（いわし類）　缶詰　味付け,20.4,11.9,5.7,203
1229,（いわし類）　缶詰　トマト漬,17.5,10.8,1.3,167
1230,（いわし類）　缶詰　油漬,20.3,30.7,0.3,351
1231,（いわし類）　缶詰　かば焼,16.2,15.6,9.3,234
1232,（いわし類）　缶詰　アンチョビ,24.2,6.8,0.1,157
1233,いわな　養殖　生,19.0,3.6,0.1,101
1234,うぐい　生,20.1,1.5,0.2,93
1235,うなぎ　養殖　生,17.1,19.3,0.3,228
1236,うなぎ　きも　生,13.0,5.3,3.5,102
1237,うなぎ　白焼き,20.7,25.8,0.1,287
1238,うなぎ　かば焼,23.0,21.0,3.1,285
1239,うまづらはぎ　生,18.2,0.3,Tr,75
1240,うまづらはぎ　味付け開き干し,58.9,1.6,10.4,289
1241,えい　生,19.1,0.3,0.1,78
1242,えそ　生,20.1,0.8,0.1,87
1243,おいかわ　生,19.2,5.8,0.1,124
1244,おおさが　生,16.3,8.0,0.1,131
1245,おこぜ　生,19.6,0.2,0.2,81
1246,おひょう　生,19.9,1.7,0.1,91
1247,かさご　生,19.3,1.1,0.1,83
1248,かじか　生,15.0,5.0,0.2,98
1249,かじか　水煮,15.8,5.8,0.2,108
1250,かじか　つくだ煮,29.4,5.5,33.8,293
1251,くろかじき　生,22.9,0.2,0.1,93
1252,まかじき　生,23.1,1.8,0.1,107
1253,めかじき　生,19.2,7.6,0.1,139
1254,めかじき　焼き,27.5,11.1,0,202
1255,かつお　春獲り　生,25.8,0.5,0.1,108
1256,かつお　秋獲り　生,25.0,6.2,0.2,150
1257,そうだがつお　生,25.7,2.8,0.3,126
1258,（かつお類）　なまり,29.8,0.7,0.4,126
1259,（かつお類）　なまり節,38.0,1.1,0.5,162
1260,（かつお類）　裸節,71.6,3.3,0.2,306
1261,（かつお類）　かつお節,77.1,2.9,0.8,332
1262,（かつお類）　削り節,75.7,3.2,0.4,327
1263,（かつお類）　削り節つくだ煮,19.5,3.3,32.3,233
1264,（かつお類）　角煮,31.0,1.6,21.4,221
1265,（かつお類）　塩辛,12.0,1.5,Tr,55
1266,（かつお類）　缶詰　味付け　フレーク,18.4,2.7,10.7,139
1267,（かつお類）　缶詰　油漬　フレーク,18.8,24.2,0.1,289
1268,かます　生,18.9,7.2,0.1,137
1269,かます　焼き,23.3,4.9,0.1,134
1270,まがれい　生,19.6,1.3,0.1,89
1271,まがれい　水煮,21.4,1.1,0.1,97
1272,まがれい　焼き,23.4,1.3,0.1,104
1273,まこがれい　生,18.0,1.8,0.1,86
1274,まこがれい　焼き,28.5,2.8,0.2,138
1275,子持ちがれい　生,19.9,6.2,0.1,123
1276,子持ちがれい　水煮,22.3,7.2,0.1,137
1277,干しかれい,20.2,3.4,Tr,104
1278,かわはぎ　生,18.8,0.4,Tr,77
1279,かんぱち　三枚おろし　生,21.0,4.2,0.1,119
1280,かんぱち　背側　生,22.2,1.2,0.1,95
1281,きす　生,18.5,0.2,0,73
1282,きす　天ぷら,18.4,15.2,7.8,234
1283,きちじ　生,13.6,21.7,Tr,238
1284,きびなご　生,18.8,1.4,0.1,85
1285,きびなご　調味干し,47.9,7.4,0.5,226
1286,キャビア　塩蔵品,26.2,17.1,1.1,242
1287,キングクリップ　生,18.2,0.1,Tr,73
1288,ぎんだら　生,13.6,18.6,Tr,210
1289,ぎんだら　水煮,14.9,23.8,0,253
1290,きんめだい　生,17.8,9.0,0.1,147
1291,ぐち　生,18.0,0.8,Tr,78
1292,ぐち　焼き,23.4,0.8,Tr,100
1293,こい　養殖　生,17.7,10.2,0.2,157
1294,こい　養殖　水煮,19.2,13.4,0.2,190
1295,こい　養殖　内臓　生,9.0,25.9,1.3,258
1296,まごち　生,22.5,0.5,0.2,94
1297,めごち　生,17.1,0.6,0.1,73
1298,このしろ　生,19.0,8.3,0.4,146
1299,このしろ　甘酢漬,19.1,10.1,6.4,184
1300,からふとます　生,21.7,6.6,0.1,139
1301,からふとます　焼き,28.1,7.7,0.1,175
1302,からふとます　塩ます,20.9,7.4,0.6,146
1303,からふとます　水煮缶詰,20.7,7.2,0.1,145
1304,ぎんざけ　養殖　生,19.6,12.8,0.3,188
1305,ぎんざけ　養殖　焼き,25.2,15.8,0.4,236
1306,さくらます　生,20.9,7.7,0.1,146
1307,さくらます　焼き,28.4,12.0,0.1,208
1308,しろさけ　生,22.3,4.1,0.1,124
1309,しろさけ　水煮,25.5,4.7,0.1,142
1310,しろさけ　焼き,29.1,5.1,0.1,160
1311,しろさけ　新巻き　生,22.8,6.1,0.1,138
1312,しろさけ　新巻き　焼き,29.3,7.9,0.1,177
1313,しろさけ　塩ざけ,22.4,11.1,0.1,183
1314,しろさけ　イクラ,32.6,15.6,0.2,252
1315,しろさけ　すじこ,30.5,17.4,0.9,263
1316,しろさけ　めふん,16.9,0.9,0.4,74
1317,しろさけ　水煮缶詰,21.2,8.5,0.1,156
1318,しろさけ　サケ節　削り節,77.4,3.4,0.2,346
1319,たいせいようさけ　養殖　皮つき　生,20.1,16.5,0.1,218
1320,たいせいようさけ　養殖　皮つき　水煮,22.5,18.4,0.1,236
1321,たいせいようさけ　養殖　皮つき　蒸し,23.8,15.8,0.1,230
1322,たいせいようさけ　養殖　皮つき　電子レンジ調理,22.9,15.4,0.1,223
1323,たいせいようさけ　養殖　皮つき　焼き,24.5,19.7,0.3,270
1324,たいせいようさけ　養殖　皮つき　ソテー,25.2,20.4,0.1,266
1325,たいせいようさけ　養殖　皮つき　天ぷら,21.0,20.1,5.1,282
1326,たいせいようさけ　養殖　皮なし　生,19.6,17.0,0.1,223
1327,たいせいようさけ　養殖　皮なし　水煮,22.7,17.9,0.1,244
1328,たいせいようさけ　養殖　皮なし　蒸し,23.2,15.8,0.1,228
1329,たいせいようさけ　養殖　皮なし　電子レンジ調理,22.7,16.5,0.1,231
1330,たいせいようさけ　養殖　皮なし　焼き,23.9,15.7,0.1,229
1331,たいせいようさけ　養殖　皮なし　ソテー,25.8,21.0,0.1,269
1332,たいせいようさけ　養殖　皮なし　天ぷら,20.0,18.6,5.5,266
1333,にじます　海面養殖　皮つき　生,21.4,14.2,0.1,201
1334,にじます　海面養殖　皮なし　生,20.5,10.8,0.2,176
1335,にじます　海面養殖　皮つき　焼き,27.2,15.8,0.4,238
1336,にじます　淡水養殖　皮つき　生,19.7,4.6,0.1,116
1337,べにざけ　生,22.5,4.5,0.1,127
1338,べにざけ　焼き,28.5,6.0,0.1,163
1339,べにざけ　くん製,25.7,5.5,0.1,143
1340,（さけ・ます類）　ますのすけ　生,19.5,12.5,Tr,176
1341,（さけ・ます類）　ますのすけ　焼き,26.4,16.7,Tr,238
1342,まさば　生,20.6,16.8,0.3,211
1343,まさば　水煮,22.6,22.6,0.3,253
1344,まさば　焼き,25.2,22.4,0.4,264
1345,まさば　フライ,20.0,25.1,6.5,316
1346,ごまさば　生,23.0,5.1,0.3,131
1347,ごまさば　水煮,24.8,5.2,0.2,139
1348,ごまさば　焼き,31.1,6.6,0.3,174
1349,ごまさば　さば節,73.9,5.1,Tr,330
1350,たいせいようさば　生,17.2,26.8,0.4,295
1351,たいせいようさば　水煮,18.6,28.5,0.4,310
1352,たいせいようさば　焼き,21.8,29.3,0.5,326
1353,塩さば,26.2,19.1,0.1,263
1354,（さば類）　開き干し,18.7,28.5,0.2,303
1355,しめさば,18.6,26.9,1.7,292
1356,（さば類）　缶詰　水煮,20.9,10.7,0.2,174
1357,（さば類）　缶詰　みそ煮,16.3,13.9,6.6,210
1358,（さば類）　缶詰　味付け,21.4,12.6,4.0,208
1359,（さめ類）　あぶらつのざめ　生,16.8,9.4,Tr,138
1360,（さめ類）　よしきりざめ　生,18.9,0.6,Tr,79
1361,（さめ類）　ふかひれ,83.9,1.6,Tr,344
1362,さより　生,19.6,1.3,Tr,88
1363,さわら　生,20.1,9.7,0.1,161
1364,さわら　焼き,23.6,10.8,0.1,184
1365,さんま　皮つき　生,18.1,25.6,0.1,287
1366,さんま　皮なし　生,17.8,25.0,0.2,277
1367,さんま　皮つき　焼き,23.3,22.8,0.2,281
1368,さんま　開き干し,19.3,19.0,0.1,232
1369,さんま　みりん干し,23.9,25.8,20.4,382
1370,さんま　缶詰　味付け,18.9,18.9,5.6,259
1371,さんま　缶詰　かば焼,17.4,13.0,9.7,219
1372,しいら　生,21.3,1.9,Tr,100
1373,ししゃも　生干し　生,21.0,8.1,0.2,152
1374,ししゃも　生干し　焼き,24.3,7.8,0.2,162
1375,からふとししゃも　生干し　生,15.6,11.6,0.5,160
1376,からふとししゃも　生干し　焼き,18.2,11.3,0.6,170
1377,したびらめ　生,19.2,1.6,Tr,87
1378,しまあじ　養殖　生,21.9,8.0,0.1,147
1379,しらうお　生,13.6,2.0,0.1,70
1380,シルバー　生,18.6,7.9,Tr,138
1381,すずき　生,19.8,4.2,Tr,113
1382,（たい類）　きだい　生,18.6,3.1,0.2,100
1383,（たい類）　くろだい　生,20.4,6.7,0.3,137
1384,（たい類）　ちだい　生,19.4,2.4,0.1,97
1385,（たい類）　まだい　天然　生,20.6,5.8,0.1,129
1386,（たい類）　まだい　養殖　皮つき　生,20.9,9.4,0.1,160
1387,（たい類）　まだい　養殖　皮つき　水煮,22.2,11.9,0.1,182
1388,（たい類）　まだい　養殖　皮つき　焼き,22.7,12.0,0.1,186
1389,（たい類）　まだい　養殖　皮なし　生,21.2,5.9,0.2,131
1390,たかさご　生,20.2,1.5,0.1,93
1391,たかべ　生,18.7,9.0,Tr,148
1392,たちうお　生,16.5,20.9,Tr,238
1393,（たら類）　すけとうだら　生,17.4,1.0,0.1,72
1394,（たら類）　すけとうだら　フライ,19.2,11.9,5.7,195
1395,（たら類）　すけとうだら　すり身,17.5,0.2,6.6,98
1396,（たら類）　すけとうだら　すきみだら,40.5,0.3,0.1,165
1397,（たら類）　すけとうだら　たらこ　生,24.0,4.7,0.4,131
1398,（たら類）　すけとうだら　たらこ　焼き,28.3,6.1,0.5,158
1399,（たら類）　すけとうだら　からしめんたいこ,21.0,3.3,3.0,121
1400,（たら類）　まだら　生,17.6,0.2,0.1,72
1401,（たら類）　まだら　焼き,25.2,0.2,0.2,103
1402,（たら類）　まだら　しらこ　生,13.4,0.8,0.2,60
1403,（たら類）　まだら　塩だら,15.2,0.1,Tr,61
1404,（たら類）　まだら　干しだら,73.2,0.8,0.1,299
1405,（たら類）　でんぶ,25.5,1.1,41.5,276
1406,（たら類）　桜でんぶ,10.6,0.5,80.2,351
1407,ちか　生,19.5,0.6,Tr,82
1408,どじょう　生,16.1,1.2,Tr,72
1409,どじょう　水煮,17.1,1.2,Tr,76
1410,とびうお　生,21.0,0.7,0.1,89
1411,とびうお　煮干し,80.0,2.2,0.1,325
1412,とびうお　焼き干し,73.4,3.3,0.1,309
1413,ナイルティラピア　生,19.8,5.3,0.2,124
1414,なまず　生,18.4,8.6,Tr,139
1415,にぎす　生,18.7,1.2,0.1,84
1416,にしん　生,17.4,15.1,0.1,196
1417,にしん　身欠きにしん,20.9,16.7,0.2,224
1418,にしん　開き干し,18.5,19.7,0.2,239
1419,にしん　くん製,23.1,22.1,Tr,280
1420,にしん　かずのこ　生,25.2,6.7,0.2,139
1421,にしん　かずのこ　乾,65.2,13.6,0.5,358
1422,にしん　かずのこ　塩蔵　水戻し,15.0,3.0,0.6,80
1423,はぜ　生,19.1,0.2,0.1,78
1424,はぜ　つくだ煮,24.3,3.0,39.9,277
1425,はぜ　甘露煮,21.1,2.2,40.3,260
1426,はたはた　生,14.1,5.7,Tr,101
1427,はたはた　生干し,16.7,10.3,Tr,154
1428,はまふえふき　生,20.5,0.3,0.1,85
1429,はも　生,22.3,5.3,Tr,132
1430,ひらまさ　生,22.6,4.9,0.1,128
1431,ひらめ　天然　生,20.0,2.0,Tr,94
1432,ひらめ　養殖　皮つき　生,21.6,3.7,Tr,115
1433,ひらめ　養殖　皮なし　生,21.2,2.5,0.1,100
1434,（ふぐ類）　とらふぐ　養殖　生,19.3,0.3,0.2,80
1435,（ふぐ類）　まふぐ　生,18.9,0.4,Tr,78
1436,ふな　生,18.2,2.5,0.1,93
1437,ふな　水煮,20.3,2.8,0.1,104
1438,ふな　甘露煮,15.5,3.6,44.4,266
1439,ふな　ふなずし,21.3,7.9,9.2,181
1440,ぶり　成魚　生,21.4,17.6,0.3,222
1441,ぶり　成魚　焼き,26.2,20.4,0.3,260
1442,ぶり　はまち　養殖　皮つき　生,20.7,17.2,0.3,217
1443,ぶり　はまち　養殖　皮なし　生,21.0,12.0,0.3,180
1444,ほうぼう　生,19.6,4.2,Tr,110
1445,ホキ　生,17.0,1.3,Tr,78
1446,ほっけ　生,17.3,4.4,0.1,103
1447,ほっけ　塩ほっけ,18.1,4.9,0.1,113
1448,ほっけ　開き干し　生,20.6,9.4,0.1,161
1449,ほっけ　開き干し　焼き,23.1,10.9,0.2,179
1450,ぼら　生,19.2,5.0,0.1,119
1451,ぼら　からすみ,40.4,28.9,0.3,353
1452,ほんもろこ　生,17.5,4.1,0.1,100
1453,きはだ　生,24.3,1.0,Tr,102
1454,くろまぐろ　天然　赤身　生,26.4,1.4,0.1,115
1455,くろまぐろ　天然　脂身　生,20.1,27.5,0.1,308
1456,くろまぐろ　養殖　赤身　生,24.8,7.6,0.3,153
1457,くろまぐろ　養殖　赤身　水煮,27.2,8.3,0.3,173
1458,くろまぐろ　養殖　赤身　蒸し,28.0,9.9,0.2,187
1459,くろまぐろ　養殖　赤身　電子レンジ調理,30.4,8.7,0.3,191
1460,くろまぐろ　養殖　赤身　焼き,29.0,10.6,0.3,202
1461,くろまぐろ　養殖　赤身　ソテー,28.0,10.2,0.3,194
1462,くろまぐろ　養殖　赤身　天ぷら,25.1,12.6,3.2,222
1463,（まぐろ類）　びんなが　生,26.0,0.7,0.2,111
1464,みなみまぐろ　赤身　生,21.6,0.4,0.1,88
1465,みなみまぐろ　脂身　生,20.3,28.3,0.1,322
1466,めじまぐろ　生,25.2,4.8,0.1,139
1467,（まぐろ類） めばち　赤身　生,25.4,2.3,0.3,115
1468,（まぐろ類） めばち　脂身　生,23.9,7.5,0.4,158
1469,（まぐろ類）　缶詰　水煮　フレーク　ライト,16.0,0.7,0.2,70
1470,（まぐろ類）　缶詰　水煮　フレーク　ホワイト,18.3,2.5,0.4,96
1471,（まぐろ類）　缶詰　味付け　フレーク,19.0,2.3,9.9,134
1472,（まぐろ類）　缶詰　油漬　フレーク　ライト,17.7,21.7,0.1,265
1473,（まぐろ類）　缶詰　油漬　フレーク　ホワイト,18.8,23.6,0.1,279
1474,マジェランあいなめ　生,13.3,22.9,0.1,243
1475,まながつお　生,17.1,10.9,Tr,156
1476,みなみくろたち　生,21.7,3.0,0.1,112
1477,みなみだら　生,16.4,0.3,Tr,68
1478,むつ　生,16.7,12.6,Tr,175
1479,むつ　水煮,22.2,8.4,Tr,161
1480,めじな　生,19.4,4.5,0.1,113
1481,めばる　生,18.1,3.5,Tr,100
1482,メルルーサ　生,17.0,0.6,Tr,73
1483,やつめうなぎ　生,15.8,21.8,0.2,245
1484,やつめうなぎ　干しやつめ,50.3,31.2,0.5,449
1485,やまめ　養殖　生,18.4,4.3,0.3,108
1486,わかさぎ　生,14.4,1.7,0.1,71
1487,わかさぎ　つくだ煮,28.7,5.5,38.2,308
1488,わかさぎ　あめ煮,26.3,5.1,40.4,301
1489,あかがい　生,13.5,0.3,3.5,70
1490,あげまき　生,8.1,0.6,2.0,44
1491,あさり　生,6.0,0.3,0.4,27
1492,あさり　つくだ煮,20.8,2.4,30.1,218
1493,あさり　缶詰　水煮,20.3,2.2,1.9,102
1494,あさり　缶詰　味付け,16.6,1.9,11.5,124
1495,あわび　くろあわび　生,14.3,0.8,3.6,76
1496,あわび　まだかあわび　生,14.6,0.4,3.3,74
1497,あわび　めがいあわび　生,12.2,0.3,6.8,74
1498,あわび　干し,38.0,1.6,23.8,257
1499,あわび　塩辛,14.8,3.9,1.4,93
1500,あわび　水煮缶詰,19.4,0.4,1.0,85
1501,いがい　生,10.3,1.6,3.2,63
1502,いたやがい　養殖　生,10.8,0.8,1.5,55
1503,エスカルゴ　水煮缶詰,16.5,1.0,0.8,75
1504,かき　養殖　生,6.9,2.2,4.9,58
1505,かき　養殖　水煮,9.9,3.6,7.1,90
1506,かき　養殖　フライ,7.6,11.1,32.9,256
1507,かき　くん製油漬缶詰,12.5,22.6,11.2,288
1508,さざえ　生,19.4,0.4,0.8,83
1509,さざえ　焼き,21.3,0.4,0.9,91
1510,さるぼう　味付け缶詰,15.9,2.2,12.9,124
1511,しじみ　生,7.5,1.4,4.5,54
1512,しじみ　水煮,15.4,2.7,5.5,95
1513,たいらがい　貝柱　生,21.8,0.2,1.5,94
1514,たにし　生,13.0,1.1,3.6,73
1515,つぶ　生,17.8,0.2,2.3,82
1516,とこぶし　生,16.0,0.4,3.0,78
1517,とりがい　斧足　生,12.9,0.3,6.9,81
1518,ばい　生,16.3,0.6,3.1,81
1519,ばかがい　生,10.9,0.5,2.4,56
1520,はまぐり　生,6.1,0.6,1.8,35
1521,はまぐり　水煮,14.9,1.5,2.9,79
1522,はまぐり　焼き,13.3,1.0,2.8,70
1523,はまぐり　つくだ煮,27.0,2.8,21.4,211
1524,ちょうせんはまぐり　生,6.5,1.0,2.7,41
1525,ほたてがい　生,13.5,0.9,1.5,66
1526,ほたてがい　水煮,17.6,1.9,1.9,89
1527,ほたてがい　貝柱　生,16.9,0.3,3.5,82
1528,ほたてがい　貝柱　焼き,23.8,0.3,4.6,123
1529,ほたてがい　貝柱　煮干し,65.7,1.4,7.6,301
1530,ほたてがい　貝柱　水煮缶詰,19.5,0.6,1.5,87
1531,ほっきがい　生,11.1,1.1,3.8,66
1532,みるがい　水管　生,18.3,0.4,0.3,77
1533,あまえび　生,19.8,1.5,0.1,85
1534,いせえび　生,20.9,0.4,Tr,86
1535,くるまえび　養殖　生,21.6,0.6,Tr,90
1536,くるまえび　養殖　ゆで,28.2,0.5,Tr,116
1537,くるまえび　養殖　焼き,23.5,0.4,Tr,97
1538,さくらえび　生,16.6,2.0,0.1,78
1539,さくらえび　ゆで,18.2,1.5,Tr,79
1540,さくらえび　素干し,64.9,4.0,0.1,278
1541,さくらえび　煮干し,59.1,2.5,0.1,247
1542,大正えび　生,21.7,0.3,0.1,89
1543,しばえび　生,18.7,0.4,0.1,78
1544,バナメイえび　養殖　生,19.6,0.6,0.7,82
1545,バナメイえび　養殖　天ぷら,20.0,10.3,6.5,194
1546,ブラックタイガー　養殖　生,18.4,0.3,0.3,77
1547,干しえび,48.6,2.8,0.3,207
1548,（えび類）　つくだ煮,25.9,2.2,30.1,239
1549,（かに類）　がざみ　生,14.4,0.3,0.3,61
1550,（かに類）　毛がに　生,15.8,0.5,0.2,67
1551,（かに類）　毛がに　ゆで,18.4,0.5,0.2,78
1552,（かに類）　ずわいがに　生,13.9,0.4,0.1,59
1553,（かに類）　ずわいがに　ゆで,15.0,0.6,0.1,65
1554,（かに類）　ずわいがに　水煮缶詰,16.3,0.4,0.2,69
1555,（かに類）　たらばがに　生,13.0,0.9,0.2,56
1556,（かに類）　たらばがに　ゆで,17.5,1.5,0.3,77
1557,（かに類）　たらばがに　水煮缶詰,20.6,0.3,0.1,85
1558,（かに類）　加工品　がん漬,8.4,0.4,5.4,58
1559,あかいか　生,17.9,1.5,Tr,81
1560,けんさきいか　生,17.5,1.0,0.1,77
1561,こういか　生,14.9,1.3,0.1,64
1562,するめいか　生,17.9,0.8,0.1,76
1563,するめいか　水煮,21.9,0.9,0.1,98
1564,するめいか　焼き,23.6,1.0,0.1,108
1565,するめいか　胴　皮つき　生,18.6,0.7,0.1,78
1566,するめいか　胴　皮なし　生,18.6,0.6,0.1,80
1567,するめいか　胴　皮なし　天ぷら,16.7,10.8,6.3,175
1568,するめいか　耳・足　生,16.9,0.9,0,75
1569,ほたるいか　生,11.8,3.5,0.2,74
1570,ほたるいか　ゆで,17.7,2.9,0.4,91
1571,ほたるいか　くん製,43.1,7.5,21.3,305
1572,ほたるいか　つくだ煮,27.0,6.7,22.9,245
1573,やりいか　生,17.6,1.0,0.4,79
1574,するめ,69.2,4.3,0.4,304
1575,さきいか,45.5,3.1,17.3,268
1576,くん製,35.2,1.5,12.8,202
1577,切りいかあめ煮,22.7,4.7,46.1,310
1578,いかあられ,20.0,1.8,49.1,289
1579,（いか類）　塩辛,15.2,3.4,6.5,114
1580,（いか類）　味付け缶詰,21.4,1.8,7.7,127
1581,（たこ類）　いいだこ　生,14.6,0.8,0.1,64
1582,（たこ類）　まだこ　生,16.4,0.7,0.1,70
1583,（たこ類）　まだこ　ゆで,21.7,0.7,0.1,91
1584,（たこ類）　みずだこ　生,13.4,0.9,0.1,61
1585,あみ　つくだ煮,19.1,1.8,35.1,230
1586,あみ　塩辛,12.9,1.1,0.8,62
1587,うに　生うに,16.0,4.8,3.3,109
1588,うに　粒うに,17.2,5.8,15.6,172
1589,うに　練りうに,13.5,2.9,22.4,166
1590,おきあみ　生,15.0,3.2,0.2,84
1591,おきあみ　ゆで,13.8,3.0,Tr,78
1592,くらげ　塩蔵　塩抜き,5.2,0.1,Tr,21
1593,しゃこ　ゆで,19.2,1.7,0.2,89
1594,なまこ　生,4.6,0.3,0.5,22
1595,なまこ　このわた,11.4,1.8,0.5,54
1596,ほや　生,5.0,0.8,0.8,27
1597,ほや　塩辛,11.6,1.1,3.8,69
1598,かに風味かまぼこ,12.1,0.5,9.2,89
1599,黒はんぺん,11.2,2.9,13.7,119
1600,昆布巻きかまぼこ,8.9,0.5,11.0,83
1601,す巻きかまぼこ,12.0,0.8,8.7,89
1602,蒸しかまぼこ,12.0,0.9,9.7,93
1603,焼き抜きかまぼこ,16.2,1.0,7.4,102
1604,焼き竹輪,12.2,2.0,13.5,119
1605,だて巻,14.6,7.5,17.6,190
1606,つみれ,12.0,4.3,6.5,104
1607,なると,7.6,0.4,11.6,80
1608,はんぺん,9.9,1.0,11.4,93
1609,さつま揚げ,12.5,3.7,13.9,135
1610,魚肉ハム,13.4,6.7,11.1,155
1611,魚肉ソーセージ,11.5,7.2,12.6,158
1612,いのしし　肉　脂身つき　生,18.8,19.8,0.5,244
1613,いのぶた　肉　脂身つき　生,18.1,24.1,0.3,283
1614,うさぎ　肉　赤肉　生,20.5,6.3,Tr,131
1615,うし　［和牛肉］　かた　脂身つき　生,17.7,22.3,0.3,258
1616,うし　［和牛肉］　かた　皮下脂肪なし　生,18.3,19.8,0.3,239
1617,うし　［和牛肉］　かた　赤肉　生,20.2,12.2,0.3,183
1618,うし　［和牛肉］　かた　脂身　生,4.0,78.0,0,692
1619,うし　［和牛肉］　かたロース　脂身つき　生,13.8,37.4,0.2,380
1620,うし　［和牛肉］　かたロース　皮下脂肪なし　生,14.0,36.5,0.2,373
1621,うし　［和牛肉］　かたロース　赤肉　生,16.5,26.1,0.2,293
1622,うし　［和牛肉］　リブロース　脂身つき　生,9.7,56.5,0.1,514
1623,うし　［和牛肉］　リブロース　脂身つき　ゆで,12.6,58.2,0.1,539
1624,うし　［和牛肉］　リブロース　脂身つき　焼き,14.6,56.8,0.2,541
1625,うし　［和牛肉］　リブロース　皮下脂肪なし　生,10.3,54.4,0.1,502
1626,うし　［和牛肉］　リブロース　赤肉　生,14.0,40.0,0.2,395
1627,うし　［和牛肉］　リブロース　脂身　生,4.2,78.0,0,674
1628,うし　［和牛肉］　サーロイン　脂身つき　生,11.7,47.5,0.3,460
1629,うし　［和牛肉］　サーロイン　皮下脂肪なし　生,12.9,42.5,0.3,422
1630,うし　［和牛肉］　サーロイン　赤肉　生,17.1,25.8,0.4,294
1631,うし　［和牛肉］　ばら　脂身つき　生,11.0,50.0,0.1,472
1632,うし　［和牛肉］　もも　脂身つき　生,19.2,18.7,0.5,235
1633,うし　［和牛肉］　もも　皮下脂肪なし　生,20.2,15.5,0.6,212
1634,うし　［和牛肉］　もも　皮下脂肪なし　ゆで,25.7,23.3,0.2,302
1635,うし　［和牛肉］　もも　皮下脂肪なし　焼き,27.7,22.7,0.5,300
1636,うし　［和牛肉］　もも　赤肉　生,21.3,10.7,0.6,176
1637,うし　［和牛肉］　もも　脂身　生,4.4,75.4,0,664
1638,うし　［和牛肉］　そともも　脂身つき　生,17.8,20.0,0.5,244
1639,うし　［和牛肉］　そともも　皮下脂肪なし　生,18.7,16.6,0.5,219
1640,うし　［和牛肉］　そともも　赤肉　生,20.7,8.7,0.6,159
1641,うし　［和牛肉］　ランプ　脂身つき　生,15.1,29.9,0.4,319
1642,うし　［和牛肉］　ランプ　皮下脂肪なし　生,16.0,26.4,0.4,293
1643,うし　［和牛肉］　ランプ　赤肉　生,19.2,13.6,0.5,196
1644,うし　［和牛肉］　ヒレ　赤肉　生,19.1,15.0,0.3,207
1645,うし　［乳用肥育牛肉］　かた　脂身つき　生,17.1,19.8,0.3,231
1646,うし　［乳用肥育牛肉］　かた　脂身つき　ゆで,20.8,23.8,0.1,309
1647,うし　［乳用肥育牛肉］　かた　脂身つき　焼き,23.0,25.5,0.2,298
1648,うし　［乳用肥育牛肉］　かた　皮下脂肪なし　生,17.9,14.9,0.4,262
1649,うし　［乳用肥育牛肉］　かた　赤肉　生,20.4,6.7,0.2,138
1650,うし　［乳用肥育牛肉］　かた　赤肉　ゆで,27.9,7.1,1.0,174
1651,うし　［乳用肥育牛肉］　かた　赤肉　焼き,26.9,7.7,0.8,175
1652,うし　［乳用肥育牛肉］　かた　脂身　生,4.5,73.3,0,650
1653,うし　［乳用肥育牛肉］　かたロース　脂身つき　生,16.2,26.4,0.2,295
1654,うし　［乳用肥育牛肉］　かたロース　皮下脂肪なし　生,16.5,25.2,0.2,285
1655,うし　［乳用肥育牛肉］　かたロース　赤肉　生,19.1,13.9,0.2,196
1656,うし　［乳用肥育牛肉］　リブロース　脂身つき　生,14.1,37.1,0.2,380
1657,うし　［乳用肥育牛肉］　リブロース　脂身つき　ゆで,17.2,43.0,0.3,428
1658,うし　［乳用肥育牛肉］　リブロース　脂身つき　焼き,20.4,45.0,0.3,457
1659,うし　［乳用肥育牛肉］　リブロース　皮下脂肪なし　生,15.0,33.4,0.2,351
1660,うし　［乳用肥育牛肉］　リブロース　赤肉　生,18.8,17.8,0.3,230
1661,うし　［乳用肥育牛肉］　リブロース　脂身　生,3.7,80.5,0,703
1662,うし　［乳用肥育牛肉］　サーロイン　脂身つき　生,16.5,27.9,0.4,313
1663,うし　［乳用肥育牛肉］　サーロイン　皮下脂肪なし　生,18.4,20.2,0.5,253
1664,うし　［乳用肥育牛肉］　サーロイン　赤肉　生,21.1,9.1,0.6,167
1665,うし　［乳用肥育牛肉］　ばら　脂身つき　生,12.8,39.4,0.3,381
1666,うし　［乳用肥育牛肉］　ばら　脂身つき　焼き,15.9,44.2,0.3,451
1667,うし　［乳用肥育牛肉］　もも　脂身つき　生,19.5,13.3,0.4,196
1668,うし　［乳用肥育牛肉］　もも　皮下脂肪なし　生,20.5,9.9,0.4,169
1669,うし　［乳用肥育牛肉］　もも　皮下脂肪なし　ゆで,28.4,13.8,0.6,235
1670,うし　［乳用肥育牛肉］　もも　皮下脂肪なし　焼き,28.0,13.2,0.6,227
1671,うし　［乳用肥育牛肉］　もも　赤肉　生,21.9,4.9,0.4,130
1672,うし　［乳用肥育牛肉］　もも　脂身　生,5.1,64.1,0.2,594
1673,うし　［乳用肥育牛肉］　そともも　脂身つき　生,18.2,16.3,0.6,220
1674,うし　［乳用肥育牛肉］　そともも　皮下脂肪なし　生,19.6,11.1,0.6,179
1675,うし　［乳用肥育牛肉］　そともも　赤肉　生,21.3,5.0,0.7,131
1676,うし　［乳用肥育牛肉］　ランプ　脂身つき　生,18.6,17.8,0.6,234
1677,うし　［乳用肥育牛肉］　ランプ　皮下脂肪なし　生,19.7,13.9,0.6,203
1678,うし　［乳用肥育牛肉］　ランプ　赤肉　生,22.0,6.1,0.7,142
1679,うし　［乳用肥育牛肉］　ヒレ　赤肉　生,20.8,11.2,0.5,177
1680,うし　［乳用肥育牛肉］　ヒレ　赤肉　焼き,27.2,15.2,0.4,238
1681,うし　［交雑牛肉］　リブロース　脂身つき　生,12.0,51.8,0.3,489
1682,うし　［交雑牛肉］　リブロース　脂身つき　ゆで,13.2,56.5,0.1,540
1683,うし　［交雑牛肉］　リブロース　脂身つき　焼き,14.5,60.1,0.2,575
1684,うし　［交雑牛肉］　リブロース　皮下脂肪なし　生,13.6,45.2,0.3,438
1685,うし　［交雑牛肉］　リブロース　赤肉　生,16.7,32.3,0.4,338
1686,うし　［交雑牛肉］　リブロース　脂身　生,3.6,86.7,0,759
1687,うし　［交雑牛肉］　ばら　脂身つき　生,12.2,44.4,0.3,445
1688,うし　［交雑牛肉］　もも　脂身つき　生,16.4,28.9,0.4,312
1689,うし　［交雑牛肉］　もも　皮下脂肪なし　生,18.3,21.6,0.4,250
1690,うし　［交雑牛肉］　もも　皮下脂肪なし　ゆで,25.7,28.2,0.2,331
1691,うし　［交雑牛肉］　もも　皮下脂肪なし　焼き,25.0,27.6,0.5,313
1692,うし　［交雑牛肉］　もも　赤肉　生,19.3,17.5,0.5,222
1693,うし　［交雑牛肉］　もも　脂身　生,4.8,75.8,0.1,682
1694,うし　［交雑牛肉］　ヒレ　赤肉　生,19.0,18.0,0.4,229
1695,うし　［輸入牛肉］　かた　脂身つき　生,19.0,10.6,0.1,160
1696,うし　［輸入牛肉］　かた　皮下脂肪なし　生,19.6,7.8,0.1,138
1697,うし　［輸入牛肉］　かた　赤肉　生,20.4,4.6,0.1,114
1698,うし　［輸入牛肉］　かた　脂身　生,7.1,60.5,0,537
1699,うし　［輸入牛肉］　かたロース　脂身つき　生,17.9,17.4,0.1,221
1700,うし　［輸入牛肉］　かたロース　皮下脂肪なし　生,18.0,17.1,0.1,219
1701,うし　［輸入牛肉］　かたロース　赤肉　生,19.7,9.5,0.1,160
1702,うし　［輸入牛肉］　リブロース　脂身つき　生,20.1,15.4,0.4,212
1703,うし　［輸入牛肉］　リブロース　脂身つき　ゆで,25.8,23.9,0.1,307
1704,うし　［輸入牛肉］　リブロース　脂身つき　焼き,25.0,23.9,0.3,306
1705,うし　［輸入牛肉］　リブロース　皮下脂肪なし　生,20.3,14.4,0.4,203
1706,うし　［輸入牛肉］　リブロース　赤肉　生,21.7,9.1,0.4,163
1707,うし　［輸入牛肉］　リブロース　脂身　生,5.7,73.1,0.1,653
1708,うし　［輸入牛肉］　サーロイン　脂身つき　生,17.4,23.7,0.4,273
1709,うし　［輸入牛肉］　サーロイン　皮下脂肪なし　生,19.1,16.5,0.4,218
1710,うし　［輸入牛肉］　サーロイン　赤肉　生,22.0,4.4,0.5,127
1711,うし　［輸入牛肉］　ばら　脂身つき　生,14.4,32.9,0.2,338
1712,うし　［輸入牛肉］　もも　脂身つき　生,19.6,8.6,0.4,148
1713,うし　［輸入牛肉］　もも　皮下脂肪なし　生,20.0,6.7,0.4,133
1714,うし　［輸入牛肉］　もも　皮下脂肪なし　ゆで,30.0,11.0,0.2,204
1715,うし　［輸入牛肉］　もも　皮下脂肪なし　焼き,28.0,14.1,0.4,205
1716,うし　［輸入牛肉］　もも　赤肉　生,21.2,4.3,0.4,117
1717,うし　［輸入牛肉］　もも　脂身　生,6.3,64.4,0.2,580
1718,うし　［輸入牛肉］　そともも　脂身つき　生,18.7,14.3,0.3,197
1719,うし　［輸入牛肉］　そともも　皮下脂肪なし　生,19.3,11.9,0.3,178
1720,うし　［輸入牛肉］　そともも　赤肉　生,21.2,3.9,0.3,117
1721,うし　［輸入牛肉］　ランプ　脂身つき　生,18.4,16.4,0.4,214
1722,うし　［輸入牛肉］　ランプ　皮下脂肪なし　生,19.7,11.1,0.5,174
1723,うし　［輸入牛肉］　ランプ　赤肉　生,21.6,3.0,0.5,112
1724,うし　［輸入牛肉］　ヒレ　赤肉　生,20.5,4.8,0.3,123
1725,うし　［子牛肉］　リブロース　皮下脂肪なし　生,21.7,0.9,0.3,94
1726,うし　［子牛肉］　ばら　皮下脂肪なし　生,20.9,3.6,0,113
1727,うし　［子牛肉］　もも　皮下脂肪なし　生,21.2,2.7,0.2,107
1728,うし　［ひき肉］　生,17.1,21.1,0.3,251
1729,うし　［ひき肉］　焼き,25.9,21.3,0.4,280
1730,うし　舌　生,13.3,31.8,0.2,318
1731,うし　舌　焼き,20.2,37.1,0.2,401
1732,うし　心臓　生,16.5,7.6,0.1,128
1733,うし　肝臓　生,19.6,3.7,3.7,119
1734,うし　じん臓　生,16.7,6.4,0.2,118
1735,うし　第一胃　ゆで,24.5,8.4,0,166
1736,うし　第二胃　ゆで,12.4,15.7,0,186
1737,うし　第三胃　生,11.7,1.3,0,57
1738,うし　第四胃　ゆで,11.1,30.0,0,308
1739,うし　小腸　生,9.9,26.1,0,268
1740,うし　大腸　生,9.3,13.0,0,150
1741,うし　直腸　生,11.6,7.0,0,106
1742,うし　腱　ゆで,28.3,4.9,0,152
1743,うし　子宮　ゆで,18.4,3.0,0,95
1744,うし　尾　生,11.6,47.1,Tr,440
1745,うし　横隔膜　生,14.8,27.3,0.3,288
1746,うし　横隔膜　ゆで,21.3,36.7,0.2,414
1747,うし　横隔膜　焼き,21.1,37.2,0.3,401
1748,うし　ローストビーフ,21.7,11.7,0.9,190
1749,うし　コンビーフ缶詰,19.8,13.0,1.7,191
1750,うし　味付け缶詰,19.2,4.4,9.9,156
1751,うし　ビーフジャーキー,54.8,7.8,6.4,304
1752,うし　スモークタン,18.1,23.0,0.9,273
1753,うま　肉　赤肉　生,20.1,2.5,0.3,102
1754,くじら　肉　赤肉　生,24.1,0.4,0.2,100
1755,くじら　うねす　生,18.8,31.4,0.2,328
1756,くじら　本皮　生,9.7,68.8,0.2,577
1757,くじら　さらしくじら,5.3,0.9,0,28
1758,しか　あかしか　赤肉　生,22.3,1.5,0.5,102
1759,しか　にほんじか　赤肉　生,23.9,4.0,0.3,119
1760,しか　にほんじか　えぞしか　赤肉　生,22.6,5.2,0.6,126
1761,しか　にほんじか　ほんしゅうじか・きゅうしゅうじか　赤肉　生,22.6,2.5,0.1,107
1762,ぶた　［大型種肉］　かた　脂身つき　生,18.5,14.6,0.2,201
1763,ぶた　［大型種肉］　かた　皮下脂肪なし　生,19.7,9.3,0.2,158
1764,ぶた　［大型種肉］　かた　赤肉　生,20.9,3.8,0.2,114
1765,ぶた　［大型種肉］　かた　脂身　生,5.3,72.4,0,663
1766,ぶた　［大型種肉］　かたロース　脂身つき　生,17.1,19.2,0.1,237
1767,ぶた　［大型種肉］　かたロース　皮下脂肪なし　生,17.8,16.0,0.1,212
1768,ぶた　［大型種肉］　かたロース　赤肉　生,19.7,7.8,0.1,146
1769,ぶた　［大型種肉］　かたロース　脂身　生,5.4,70.7,0,644
1770,ぶた　［大型種肉］　ロース　脂身つき　生,19.3,19.2,0.2,248
1771,ぶた　［大型種肉］　ロース　脂身つき　ゆで,23.9,24.1,0.3,299
1772,ぶた　［大型種肉］　ロース　脂身つき　焼き,26.7,22.7,0.3,310
1773,ぶた　［大型種肉］　ロース　脂身つき　とんかつ,22.0,35.9,9.8,429
1774,ぶた　［大型種肉］　ロース　皮下脂肪なし　生,21.1,11.9,0.3,190
1775,ぶた　［大型種肉］　ロース　赤肉　生,22.7,5.6,0.3,140
1776,ぶた　［大型種肉］　ロース　脂身　生,5.1,76.3,0,695
1777,ぶた　［大型種肉］　ばら　脂身つき　生,14.4,35.4,0.1,366
1778,ぶた　［大型種肉］　ばら　脂身つき　焼き,19.6,43.9,0.1,444
1779,ぶた　［大型種肉］　もも　脂身つき　生,20.5,10.2,0.2,171
1780,ぶた　［大型種肉］　もも　皮下脂肪なし　生,21.5,6.0,0.2,138
1781,ぶた　［大型種肉］　もも　皮下脂肪なし　ゆで,28.9,8.1,0.3,185
1782,ぶた　［大型種肉］　もも　皮下脂肪なし　焼き,30.2,7.6,0.3,186
1783,ぶた　［大型種肉］　もも　赤肉　生,22.1,3.6,0.2,119
1784,ぶた　［大型種肉］　もも　脂身　生,6.5,67.6,0,611
1785,ぶた　［大型種肉］　そともも　脂身つき　生,18.8,16.5,0.2,221
1786,ぶた　［大型種肉］　そともも　皮下脂肪なし　生,20.2,10.7,0.2,175
1787,ぶた　［大型種肉］　そともも　赤肉　生,21.4,5.5,0.2,133
1788,ぶた　［大型種肉］　そともも　脂身　生,6.6,68.1,0,631
1789,ぶた　［大型種肉］　ヒレ　赤肉　生,22.2,3.7,0.3,118
1790,ぶた　［大型種肉］　ヒレ　赤肉　焼き,39.3,5.9,0.4,202
1791,ぶた　［大型種肉］　ヒレ　赤肉　とんかつ,25.1,25.3,14.9,379
1792,ぶた　［中型種肉］　かた　脂身つき　生,18.3,17.2,0,224
1793,ぶた　［中型種肉］　かた　皮下脂肪なし　生,19.7,10.8,0,172
1794,ぶた　［中型種肉］　かた　赤肉　生,21.4,3.5,0,113
1795,ぶた　［中型種肉］　かた　脂身　生,4.9,75.7,0,698
1796,ぶた　［中型種肉］　かたロース　脂身つき　生,17.7,19.3,0,241
1797,ぶた　［中型種肉］　かたロース　皮下脂肪なし　生,18.5,15.7,0,212
1798,ぶた　［中型種肉］　かたロース　赤肉　生,20.6,6.8,0,140
1799,ぶた　［中型種肉］　かたロース　脂身　生,5.4,71.9,0,663
1800,ぶた　［中型種肉］　ロース　脂身つき　生,18.3,22.6,0.2,275
1801,ぶた　［中型種肉］　ロース　皮下脂肪なし　生,20.6,13.6,0.2,203
1802,ぶた　［中型種肉］　ロース　赤肉　生,22.9,4.6,0.2,131
1803,ぶた　［中型種肉］　ロース　脂身　生,4.1,78.3,0,716
1804,ぶた　［中型種肉］　ばら　脂身つき　生,13.4,40.1,0,398
1805,ぶた　［中型種肉］　もも　脂身つき　生,19.5,15.1,0.2,211
1806,ぶた　［中型種肉］　もも　皮下脂肪なし　生,21.3,7.8,0.2,153
1807,ぶた　［中型種肉］　もも　赤肉　生,21.9,5.3,0.2,133
1808,ぶた　［中型種肉］　もも　脂身　生,5.2,73.8,0,672
1809,ぶた　［中型種肉］　そともも　脂身つき　生,18.0,20.3,0.2,252
1810,ぶた　［中型種肉］　そともも　皮下脂肪なし　生,21.0,8.5,0.2,159
1811,ぶた　［中型種肉］　そともも　赤肉　生,21.9,4.8,0.2,129
1812,ぶた　［中型種肉］　そともも　脂身　生,4.9,72.5,0,660
1813,ぶた　［中型種肉］　ヒレ　赤肉　生,22.7,1.7,0.1,105
1814,ぶた　［ひき肉］　生,17.7,17.2,0.1,209
1815,ぶた　［ひき肉］　焼き,25.7,21.5,0.1,289
1816,ぶた　舌　生,15.9,16.3,0.1,205
1817,ぶた　心臓　生,16.2,7.0,0.1,118
1818,ぶた　肝臓　生,20.4,3.4,2.5,114
1819,ぶた　じん臓　生,14.1,5.8,Tr,96
1820,ぶた　胃　ゆで,17.4,5.1,0,111
1821,ぶた　小腸　ゆで,14.0,11.9,0,159
1822,ぶた　大腸　ゆで,11.7,13.8,0,166
1823,ぶた　子宮　生,14.6,0.9,0,64
1824,ぶた　豚足　ゆで,20.1,16.8,Tr,227
1825,ぶた　軟骨　ゆで,17.8,17.9,0,229
1826,ぶた　骨付きハム,16.7,16.6,0.8,208
1827,ぶた　ボンレスハム,18.7,4.0,1.8,115
1828,ぶた　ロースハム　ロースハム,18.6,14.5,2.0,211
1829,ぶた　ロースハム　ゆで,19.7,16.6,1.6,233
1830,ぶた　ロースハム　焼き,23.6,15.1,2.4,240
1831,ぶた　ロースハム　フライ,17.3,32.3,20.0,432
1832,ぶた　ショルダーハム,16.1,18.2,0.6,221
1833,ぶた　生ハム　促成,24.0,16.6,0.5,243
1834,ぶた　生ハム　長期熟成,25.7,18.4,0,253
1835,ぶた　プレスハム,15.4,4.5,3.9,113
1836,ぶた　チョップドハム,11.7,4.2,12.7,132
1837,ぶた　ばらベーコン,12.9,39.1,0.3,400
1838,ぶた　ロースベーコン,16.8,14.6,3.2,202
1839,ぶた　ショルダーベーコン,17.2,11.9,2.5,178
1840,ぶた　ウインナーソーセージ　ウインナーソーセージ,11.5,30.6,3.3,319
1841,ぶた　ウインナーソーセージ　ゆで,12.1,32.0,1.4,328
1842,ぶた　ウインナーソーセージ　焼き,13.0,31.8,2.4,345
1843,ぶた　ウインナーソーセージ　フライ,12.8,34.9,4.2,376
1844,ぶた　セミドライソーセージ,16.9,29.7,2.9,335
1845,ぶた　ドライソーセージ,26.7,42.0,2.6,467
1846,ぶた　フランクフルトソーセージ,12.7,24.7,6.2,295
1847,ぶた　ボロニアソーセージ,12.5,21.0,2.9,242
1848,ぶた　リオナソーセージ,14.9,13.1,3.7,188
1849,ぶた　レバーソーセージ,14.7,33.5,1.9,324
1850,ぶた　混合ソーセージ,11.8,22.7,4.7,231
1851,ぶた　生ソーセージ,14.0,24.4,0.8,269
1852,ぶた　　焼き豚,19.4,8.2,5.1,166
1853,ぶた　　レバーペースト,12.9,34.7,3.6,370
1854,ぶた　　スモークレバー,29.6,7.7,2.6,182
1855,ぶた　　ゼラチン,87.6,0.3,0,347
1856,めんよう　［マトン］　ロース　脂身つき　生,19.3,15.0,0.2,192
1857,めんよう　［マトン］　ロース　脂身つき　焼き,25.8,24.9,0.2,304
1858,めんよう　［マトン］　ロース　皮下脂肪なし　生,22.2,7.4,0,139
1859,めんよう　［マトン］　もも　脂身つき　生,18.8,15.3,0.1,198
1860,めんよう　［ラム］　かた　脂身つき　生,17.1,17.1,0.1,206
1861,めんよう　［ラム］　ロース　脂身つき　生,15.6,25.9,0.2,287
1862,めんよう　［ラム］　ロース　脂身つき　焼き,21.8,31.4,0.2,358
1863,めんよう　［ラム］　ロース　皮下脂肪なし　生,22.3,5.2,0,128
1864,めんよう　［ラム］　もも　脂身つき　生,20.0,12.0,0.3,164
1865,めんよう　［ラム］　もも　脂身つき　焼き,28.6,20.3,0.3,267
1866,めんよう　混合プレスハム,14.4,4.1,3.0,100
1867,やぎ　肉　赤肉　生,21.9,1.5,0.2,99
1868,うずら　肉　皮つき　生,20.5,12.9,0.1,194
1869,がちょう　フォアグラ　ゆで,8.3,49.9,1.5,470
1870,かも　まがも　肉　皮なし　生,23.6,3.0,0.1,118
1871,かも　あいがも　肉　皮つき　生,14.2,29.0,0.1,304
1872,かも　あひる　肉　皮つき　生,14.9,19.8,0.1,237
1873,かも　あひる　肉　皮なし　生,20.1,2.2,0.2,94
1874,かも　あひる　皮　生,7.3,45.8,0,448
1875,きじ　肉　皮なし　生,23.0,1.1,0.1,101
1876,しちめんちょう　肉　皮なし　生,23.5,0.7,0.1,99
1877,すずめ　肉　骨・皮つき　生,18.1,5.9,0.1,114
1878,にわとり　［親］　手羽　皮つき　生,23.0,10.4,0,182
1879,にわとり　［親］　むね　皮つき　生,19.5,17.2,0,229
1880,にわとり　［親］　むね　皮なし　生,24.4,1.9,0,113
1881,にわとり　［親］　もも　皮つき　生,17.3,19.1,0,234
1882,にわとり　［親］　もも　皮なし　生,22.0,4.8,0,128
1883,にわとり　［親］　ささみ　生,24.6,1.1,0,105
1884,にわとり　［若どり］　手羽　皮つき　生,17.8,14.3,0,189
1885,にわとり　［若どり］　手羽さき　皮つき　生,17.4,16.2,0,207
1886,にわとり　［若どり］　手羽もと　皮つき　生,18.2,12.8,0,175
1887,にわとり　［若どり］　むね　皮つき　生,21.3,5.9,0.1,133
1888,にわとり　［若どり］　むね　皮つき　焼き,34.7,9.1,0.1,215
1889,にわとり　［若どり］　むね　皮なし　生,23.3,1.9,0.1,105
1890,にわとり　［若どり］　むね　皮なし　焼き,38.8,3.3,0.1,177
1891,にわとり　［若どり］　もも　皮つき　生,16.6,14.2,0,190
1892,にわとり　［若どり］　もも　皮つき　ゆで,22.0,15.2,0,216
1893,にわとり　［若どり］　もも　皮つき　焼き,26.3,13.9,0,220
1894,にわとり　［若どり］　もも　皮つき　から揚げ,24.2,18.1,13.3,307
1895,にわとり　［若どり］　もも　皮なし　生,19.0,5.0,0,113
1896,にわとり　［若どり］　もも　皮なし　ゆで,25.1,5.2,0,141
1897,にわとり　［若どり］　もも　皮なし　焼き,25.5,5.7,0,145
1898,にわとり　［若どり］　もも　皮なし　から揚げ,25.4,11.4,12.7,249
1899,にわとり　［若どり］　ささみ　生,23.9,0.8,0.1,98
1900,にわとり　［若どり］　ささみ　ゆで,29.6,1.0,0,121
1901,にわとり　［若どり］　ささみ　焼き,31.7,1.4,0,132
1902,にわとり　［若どり］　ささみ　ソテー,36.1,5.4,0.1,186
1903,にわとり　［若どり］　ささみ　フライ,26.8,12.8,6.7,246
1904,にわとり　［若どり］　ささみ　天ぷら,25.7,7.4,6.2,192
1905,にわとり　ひき肉　生,17.5,12.0,0,171
1906,にわとり　ひき肉　焼き,27.5,14.8,0,235
1907,にわとり　心臓　生,14.5,15.5,Tr,186
1908,にわとり　肝臓　生,18.9,3.1,0.6,100
1909,にわとり　すなぎも　生,18.3,1.8,Tr,86
1910,にわとり　皮　むね　生,9.4,48.1,0,466
1911,にわとり　皮　もも　生,6.6,51.6,0,474
1912,にわとり　なんこつ（胸肉）　生,12.5,0.4,0.4,54
1913,にわとり　　焼き鳥缶詰,18.4,7.8,8.2,173
1914,にわとり　　チキンナゲット,15.5,13.7,14.9,235
1915,にわとり　　つくね,15.2,15.2,9.3,235
1916,はと　肉　皮なし　生,21.8,5.1,0.3,131
1917,ほろほろちょう　肉　皮なし　生,22.5,1.0,0.2,98
1918,いなご　つくだ煮,26.3,1.4,32.3,243
1919,かえる　肉　生,22.3,0.4,0.3,92
1920,すっぽん　肉　生,16.4,13.4,0.5,175
1921,はち　はちの子缶詰,16.2,7.2,30.2,239
1922,あひる卵　ピータン,13.7,16.5,0,188
1923,うこっけい卵　全卵　生,12.0,13.0,0.4,154
1924,うずら卵　全卵　生,12.6,13.1,0.3,157
1925,うずら卵　水煮缶詰,11.0,14.1,0.6,162
1926,鶏卵　全卵　生,12.2,10.2,0.4,142
1927,鶏卵　全卵　ゆで,12.5,10.4,0.3,134
1928,鶏卵　全卵　ポーチドエッグ,12.3,11.7,0.2,145
1929,鶏卵　全卵　目玉焼き,14.8,17.6,0.3,205
1930,鶏卵　全卵　いり,13.3,16.7,0.3,190
1931,鶏卵　全卵　素揚げ,14.3,31.9,0.3,321
1932,鶏卵　全卵　水煮缶詰,10.8,10.6,Tr,131
1933,鶏卵　全卵　加糖全卵,9.8,10.6,20.7,199
1934,鶏卵　全卵　乾燥全卵,49.1,42.0,0.2,542
1935,鶏卵　卵黄　生,16.5,34.3,0.2,336
1936,鶏卵　卵黄　ゆで,16.1,34.1,0.2,331
1937,鶏卵　卵黄　加糖卵黄,12.1,23.9,20.7,327
1938,鶏卵　卵黄　乾燥卵黄,30.3,62.9,0.2,638
1939,鶏卵　卵白　生,10.1,Tr,0.5,44
1940,鶏卵　卵白　ゆで,10.5,0.1,0.4,46
1941,鶏卵　卵白　乾燥卵白,86.5,0.4,0.2,350
1942,鶏卵　たまご豆腐,6.5,5.3,0.9,76
1943,鶏卵　たまご焼　厚焼きたまご,10.5,9.2,6.5,146
1944,鶏卵　たまご焼　だし巻きたまご,11.0,9.2,0.5,123
1945,生乳　ジャージー種,3.9,5.2,4.7,77
1946,生乳　ホルスタイン種,3.2,3.7,4.7,63
1947,普通牛乳,3.3,3.8,4.8,61
1948,脱脂乳,3.4,0.1,4.8,31
1949,加工乳　濃厚,3.4,4.2,5.3,70
1950,加工乳　低脂肪,3.8,1.0,5.5,42
1951,乳児用液体ミルク,1.5,3.6,7.1,66
1952,乳飲料　コーヒー,2.2,2.0,7.2,56
1953,乳飲料　フルーツ,1.2,0.2,9.9,46
1954,全粉乳,25.5,26.2,39.3,490
1955,脱脂粉乳,34.0,1.0,53.3,354
1956,乳児用調製粉乳,12.4,26.8,55.9,510
1957,無糖練乳,6.8,7.9,11.2,134
1958,加糖練乳,7.7,8.5,56.0,314
1959,クリーム　乳脂肪,1.9,43.0,6.5,404
1960,クリーム　乳脂肪・植物性脂肪,4.4,42.1,3.0,388
1961,クリーム　植物性脂肪,1.3,39.5,3.3,353
1962,ホイップクリーム　乳脂肪,1.8,40.7,12.9,409
1963,ホイップクリーム　乳脂肪・植物性脂肪,4.0,38.4,12.9,394
1964,ホイップクリーム　植物性脂肪,6.3,36.1,12.9,399
1965,コーヒーホワイトナー　液状　乳脂肪,5.2,18.3,5.5,205
1966,コーヒーホワイトナー　液状　乳脂肪・植物性脂肪,4.8,21.6,3.7,227
1967,コーヒーホワイトナー　液状　植物性脂肪,4.3,24.8,1.8,244
1968,コーヒーホワイトナー　粉末状　乳脂肪,7.6,27.3,60.4,504
1969,コーヒーホワイトナー　粉末状　植物性脂肪,2.1,36.2,56.4,542
1970,ヨーグルト　全脂無糖,3.6,3.0,4.9,56
1971,ヨーグルト　低脂肪無糖,3.7,1.0,5.2,40
1972,ヨーグルト　無脂肪無糖,4.0,0.3,5.7,37
1973,ヨーグルト　脱脂加糖,4.3,0.2,11.9,65
1974,ヨーグルト　ドリンクタイプ　加糖,2.9,0.5,12.2,64
1975,乳酸菌飲料　乳製品,1.1,0.1,16.4,64
1976,乳酸菌飲料　殺菌乳製品,1.5,0.1,52.6,217
1977,乳酸菌飲料　非乳製品,0.4,0.1,10.0,39
1978,ナチュラルチーズ　エダム,28.9,25.0,1.4,321
1979,ナチュラルチーズ　エメンタール,27.3,33.6,1.6,398
1980,ナチュラルチーズ　カテージ,13.3,4.5,1.9,99
1981,ナチュラルチーズ　カマンベール,19.1,24.7,0.9,291
1982,ナチュラルチーズ　クリーム,8.2,33.0,2.3,313
1983,ナチュラルチーズ　ゴーダ,25.8,29.0,1.4,356
1984,ナチュラルチーズ　チェダー,25.7,33.8,1.4,390
1985,ナチュラルチーズ　パルメザン,44.0,30.8,1.9,445
1986,ナチュラルチーズ　ブルー,18.8,29.0,1.0,326
1987,ナチュラルチーズ　マスカルポーネ,4.4,28.2,4.3,273
1988,ナチュラルチーズ　モッツァレラ,18.4,19.9,4.2,269
1989,ナチュラルチーズ　やぎ,20.6,21.7,2.7,280
1990,ナチュラルチーズ　リコッタ,7.1,11.5,6.7,159
1991,プロセスチーズ,22.7,26.0,1.3,313
1992,チーズスプレッド,15.9,25.7,0.6,284
1993,アイスクリーム　高脂肪,3.5,12.0,22.4,205
1994,アイスクリーム　普通脂肪,3.9,8.0,23.2,178
1995,アイスミルク,3.4,6.4,23.9,167
1996,ラクトアイス　普通脂肪,3.1,13.6,22.2,217
1997,ラクトアイス　低脂肪,1.8,2.0,20.6,108
1998,（アイスクリーム類）　ソフトクリーム,3.8,5.6,20.1,146
1999,カゼイン,86.2,1.5,0,358
2000,シャーベット,0.9,1.0,28.7,128
2001,チーズホエーパウダー,12.5,1.2,77.0,339
2002,人乳,1.1,3.5,7.2,61
2003,やぎ乳,3.1,3.6,4.5,57
2004,あまに油,0,100,0,897
2005,えごま油,0,100,0,897
2006,オリーブ油,0,100,0,894
2007,ごま油,0,100,0,890
2008,米ぬか油,0,100,0,880
2009,サフラワー油　ハイオレイック,0,100,0,892
2010,サフラワー油　ハイリノール,0,100,0,883
2011,大豆油,0,100,0,885
2012,調合油,0,100,0,886
2013,とうもろこし油,0,100,0,884
2014,なたね油,0,100,0,887
2015,パーム油,0,100,0,887
2016,パーム核油,0,100,0,893
2017,ひまわり油　ハイリノール,0,100,0,899
2018,ひまわり油　ミッドオレイック,0,100,0,892
2019,ひまわり油　ハイオレイック,0,100,0,899
2020,ぶどう油,0,100,0,882
2021,綿実油,0,100,0,883
2022,やし油,0,100,0,889
2023,落花生油,0,100,0,882
2024,牛脂,0.2,99.8,0,869
2025,たらのあぶら,0.1,99.8,0,853
2026,ラード,0,100,0,885
2027,無発酵バター　有塩バター,0.6,81.0,0.2,700
2028,無発酵バター　食塩不使用バター,0.5,83.0,0.2,720
2029,発酵バター　有塩バター,0.6,80.0,4.4,713
2030,マーガリン　家庭用　有塩,0.4,83.1,0.5,715
2031,マーガリン　家庭用　無塩,0.4,83.1,0.5,715
2032,マーガリン　業務用　有塩,0.3,84.3,0.1,740
2033,マーガリン　業務用　無塩,0.3,84.3,0.1,740
2034,ファットスプレッド,0.2,69.1,0,579
2035,ショートニング　家庭用,0,99.9,0,889
2036,ショートニング　業務用　製菓,0,99.9,0,881
2037,ショートニング　業務用　フライ,0,99.9,0,886
2038,甘納豆　あずき,3.4,0.3,69.5,284
2039,甘納豆　いんげんまめ,3.8,0.5,69.9,287
2040,甘納豆　えんどう,3.8,0.4,72.2,293
2041,今川焼　こしあん入り,4.5,1.1,48.3,217
2042,今川焼　つぶしあん入り,4.5,1.4,48.2,220
2043,今川焼　カスタードクリーム入り,4.7,2.6,46.7,224
2044,ういろう　白,1.0,0.2,44.2,181
2045,ういろう　黒,1.5,0.2,42.7,174
2046,うぐいすもち　こしあん入り,3.5,0.4,55.8,236
2047,うぐいすもち　つぶしあん入り,2.7,0.4,56.8,237
2048,かしわもち　こしあん入り,4.0,0.4,46.7,203
2049,かしわもち　つぶしあん入り,3.9,0.5,46.6,204
2050,カステラ,7.1,5.0,61.8,312
2051,かのこ,4.8,0.4,60.4,260
2052,かるかん,2.1,0.3,54.8,226
2053,きび団子,1.6,0.2,73.7,298
2054,ぎゅうひ,1.3,0.2,62.4,253
2055,きりざんしょ,2.1,0.3,59.3,245
2056,きんぎょく糖,(Tr),0,71.9,282
2057,きんつば,6.0,0.7,58.6,260
2058,草もち　こしあん入り,4.2,0.4,52.1,224
2059,草もち　つぶしあん入り,4.8,0.7,51.1,227
2060,くし団子　あん　こしあん入り,3.8,0.4,45.4,198
2061,くし団子　あん　つぶしあん入り,3.8,0.5,45.4,199
2062,くし団子　みたらし,3.2,0.4,44.9,194
2063,くずもち　関西風　くずでん粉製品,0.1,0.1,22.5,93
2064,くずもち　関東風　小麦でん粉製品,0.1,0.1,22.4,94
2065,げっぺい,4.7,8.5,65.5,347
2066,五平もち,3.0,0.5,40.9,178
2067,桜もち　関西風　こしあん入り,3.5,0.3,46.0,196
2068,桜もち　関西風　つぶしあん入り,3.0,0.3,46.5,197
2069,桜もち　関東風　こしあん入り,4.5,0.4,54.2,235
2070,桜もち　関東風　つぶしあん入り,4.2,0.6,54.4,237
2071,笹だんご　こしあん入り,4.0,0.5,54.6,227
2072,笹だんご　つぶしあん入り,4.7,0.6,53.8,228
2073,ずんだあん,6.3,3.4,36.6,190
2074,ずんだもち,4.9,1.7,45.1,212
2075,大福もち　こしあん入り,4.6,0.5,53.2,223
2076,大福もち　つぶしあん入り,4.7,0.6,52.8,223
2077,タルト　（和菓子）,5.9,3.0,60.7,287
2078,ちまき,1.3,0.2,36.5,150
2079,ちゃつう,6.2,4.3,66.4,320
2080,どら焼　こしあん入り,6.6,3.1,58.4,282
2081,どら焼　つぶしあん入り,6.6,3.2,57.9,292
2082,生八つ橋　あん入り　こしあん入り,3.6,0.3,65.4,274
2083,生八つ橋　あん入り　こしあん・つぶしあん混合,3.5,0.3,65.5,274
2084,生八つ橋　あん入り　つぶしあん入り,3.7,0.5,65.1,275
2085,ねりきり,5.3,0.3,60.1,259
2086,カステラまんじゅう　こしあん入り,6.7,2.1,62.6,292
2087,カステラまんじゅう　つぶしあん入り,6.9,2.3,62.2,292
2088,かるかんまんじゅう　こしあん入り,3.0,0.3,53.8,226
2089,かるかんまんじゅう　つぶしあん入り,3.1,0.4,53.6,226
2090,くずまんじゅう　こしあん入り,3.1,0.2,51.4,216
2091,くずまんじゅう　つぶしあん入り,1.3,0.1,53.4,218
2092,くりまんじゅう　こしあん入り,6.5,1.4,68.1,296
2093,くりまんじゅう　つぶしあん入り,6.7,1.6,67.0,295
2094,とうまんじゅう　こしあん入り,6.8,3.1,61.6,296
2095,とうまんじゅう　つぶしあん入り,6.9,3.3,61.3,294
2096,蒸しまんじゅう　こしあん入り,4.6,0.5,59.5,257
2097,蒸しまんじゅう　つぶしあん入り,4.7,0.7,59.1,257
2098,中華まんじゅう　あんまん　こしあん入り,6.1,5.6,51.3,273
2099,中華まんじゅう　あんまん　つぶしあん入り,6.2,6.0,51.3,279
2100,中華まんじゅう　肉まん,10.0,5.1,43.4,242
2101,もなか　こしあん入り,4.9,0.3,65.5,277
2102,もなか　つぶしあん入り,6.4,0.7,63.3,278
2103,ゆべし,2.4,3.5,71.2,321
2104,ようかん　練りようかん,3.6,0.2,69.9,289
2105,ようかん　水ようかん,2.6,0.2,39.9,168
2106,ようかん　蒸しようかん,4.4,0.3,55.4,237
2107,あめ玉,0,0,97.5,385
2108,芋かりんとう,1.4,20.6,71.3,465
2109,おこし,3.8,0.7,90.2,376
2110,おのろけ豆,11.3,13.6,70.2,438
2111,かりんとう　黒,7.5,11.6,76.3,420
2112,かりんとう　白,9.7,11.2,76.2,424
2113,ごかぼう,10.6,6.4,71.7,367
2114,小麦粉せんべい　磯部せんべい,4.3,0.8,89.3,377
2115,小麦粉せんべい　かわらせんべい,7.0,3.2,84.9,388
2116,小麦粉せんべい　巻きせんべい,4.3,1.4,90.4,386
2117,小麦粉せんべい　南部せんべい　ごま入り,11.2,11.1,72.0,423
2118,小麦粉せんべい　南部せんべい　落花生入り,11.7,9.5,73.9,421
2119,しおがま,2.6,0.2,85.5,347
2120,ひなあられ　関西風,8.0,1.4,85.8,384
2121,ひなあられ　関東風,9.6,2.8,80.7,380
2122,米菓　揚げせんべい,5.6,17.4,71.3,458
2123,米菓　甘辛せんべい,6.7,0.9,86.2,374
2124,米菓　あられ,7.5,1.0,84.9,378
2125,米菓　しょうゆせんべい,7.3,1.0,83.9,368
2126,ボーロ　小粒,2.5,2.1,90.6,391
2127,ボーロ　そばボーロ,7.7,3.4,86.1,398
2128,松風,4.0,0.7,89.7,378
2129,みしま豆,12.3,8.6,75.8,402
2130,八つ橋,3.3,0.5,94.2,390
2131,らくがん　らくがん,2.4,0.2,94.3,384
2132,らくがん　麦らくがん,4.8,1.8,90.4,396
2133,らくがん　もろこしらくがん,6.6,0.3,89.9,374
2134,揚げパン,8.7,18.7,43.5,369
2135,あんパン　こしあん入り,6.8,3.6,53.5,253
2136,あんパン　つぶしあん入り,7.0,3.8,53.0,266
2137,あんパン　薄皮タイプ　こしあん入り,6.6,3.5,51.9,257
2138,あんパン　薄皮タイプ　つぶしあん入り,6.8,3.7,51.4,258
2139,カレーパン　皮及び具,6.6,18.3,32.3,302
2140,カレーパン　皮のみ,7.2,22.4,38.4,363
2141,カレーパン　具のみ,5.3,9.3,18.8,168
2142,クリームパン,7.9,7.4,48.3,286
2143,クリームパン　薄皮タイプ,6.0,7.1,33.9,218
2144,ジャムパン,5.3,3.9,58.1,285
2145,チョココロネ,5.8,15.3,44.4,321
2146,チョコパン　薄皮タイプ,4.7,19.4,40.0,340
2147,メロンパン,8.0,10.5,59.9,349
2148,菓子パン　あんなし,8.2,6.1,54.1,294
2149,シュークリーム,6.0,11.4,25.5,223
2150,スポンジケーキ,7.9,7.5,52.1,283
2151,ショートケーキ　果実なし,6.9,15.2,42.3,318
2152,ショートケーキ　いちご,6.9,14.7,42.7,314
2153,タルト　（洋菓子）,4.7,13.5,30.5,248
2154,チーズケーキ　ベイクドチーズケーキ,8.5,21.2,23.3,299
2155,チーズケーキ　レアチーズケーキ,5.8,27.5,21.9,348
2156,デニッシュペストリー　アメリカンタイプ　プレーン,6.2,26.3,35.1,382
2157,デニッシュペストリー　デンマークタイプ　プレーン　,6.5,34.0,33.2,457
2158,デニッシュペストリー　アメリカンタイプ　あん入り　こしあん,6.0,15.6,44.9,330
2159,デニッシュペストリー　アメリカンタイプ　あん入り　つぶしあん,6.0,15.7,42.9,323
2160,デニッシュペストリー　デンマークタイプ　あん入り　こしあん,6.5,21.3,46.1,384
2161,デニッシュペストリー　デンマークタイプ　あん入り　つぶしあん,6.6,22.0,45.2,387
2162,デニッシュペストリー　アメリカンタイプ　あん入り　カスタードクリーム,5.8,19.3,31.2,304
2163,デニッシュペストリー　デンマークタイプ　あん入り　カスタードクリーム,7.3,29.6,36.6,419
2164,ドーナッツ　イーストドーナッツ　プレーン,7.2,20.2,43.9,379
2165,ドーナッツ　イーストドーナッツ　あん入り　こしあん,6.8,12.6,52.2,341
2166,ドーナッツ　イーストドーナッツ　あん入り　つぶしあん,7.0,13.0,51.5,341
2167,ドーナッツ　イーストドーナッツ　あん入り　カスタードクリーム,7.7,18.9,44.6,371
2168,ドーナッツ　ケーキドーナッツ　プレーン,7.2,11.7,60.2,368
2169,ドーナッツ　ケーキドーナッツ　あん入り　こしあん,8.3,5.4,63.7,351
2170,ドーナッツ　ケーキドーナッツ　あん入り　つぶしあん,8.6,5.7,63.1,352
2171,ドーナッツ　ケーキドーナッツ　あん入り　カスタードクリーム,9.6,10.5,56.7,371
2172,パイ　パイ皮,5.0,25.4,36.4,386
2173,パイ　アップルパイ,4.0,17.5,32.8,294
2174,パイ　ミートパイ,9.7,29.9,22.2,381
2175,バターケーキ,5.8,25.3,48.0,422
2176,ホットケーキ,7.7,5.4,45.3,253
2177,ワッフル　カスタードクリーム入り,7.3,7.9,38.1,241
2178,ワッフル　ジャム入り,4.9,4.2,57.3,279
2179,カスタードプリン,5.7,5.5,14.0,116
2180,牛乳寒天,1.1,1.3,12.2,61
2181,こんにゃくゼリー,0,0.1,16.4,65
2182,ゼリー　オレンジ,2.1,0.1,19.8,79
2183,ゼリー　コーヒー,1.6,0,10.3,44
2184,ゼリー　ミルク,4.3,3.7,14.4,103
2185,ゼリー　ワイン,1.7,0,13.2,65
2186,ババロア,5.6,12.9,19.9,204
2187,ウエハース,7.6,13.6,75.3,438
2188,ウエハース　クリーム入り,7.5,21.8,65.5,495
2189,クラッカー　オイルスプレークラッカー,8.5,22.5,63.9,481
2190,クラッカー　ソーダクラッカー,10.4,9.8,74.4,421
2191,サブレ,6.1,16.6,73.5,459
2192,中華風クッキー,5.1,29.5,61.8,514
2193,ビスケット　ハードビスケット,7.6,10.0,77.8,422
2194,ビスケット　ソフトビスケット,5.7,27.6,62.6,511
2195,プレッツェル,9.9,18.6,68.2,465
2196,リーフパイ,5.8,35.5,55.8,558
2197,ロシアケーキ,5.8,23.4,65.8,486
2198,小麦粉あられ,7.6,19.5,68.8,476
2199,コーンスナック,5.2,27.1,65.3,516
2200,ポテトチップス　ポテトチップス,4.7,35.2,54.7,541
2201,ポテトチップス　成形ポテトチップス,5.8,32.0,57.3,515
2202,かわり玉,0,0,99.5,392
2203,キャラメル,4.0,11.7,77.9,426
2204,ゼリーキャンデー,(Tr),0,83.9,334
2205,ゼリービーンズ,(Tr),(Tr),90.4,358
2206,ドロップ,0,0,98.0,389
2207,バタースコッチ,(Tr),6.5,91.0,414
2208,ブリットル,12.6,26.5,58.1,506
2209,マシュマロ,2.1,0,79.3,324
2210,ラムネ,0,0.5,92.2,373
2211,アーモンドチョコレート,11.4,40.4,43.3,562
2212,カバーリングチョコレート,7.1,24.3,64.2,488
2213,ホワイトチョコレート,7.2,39.5,50.9,588
2214,ミルクチョコレート,6.9,34.1,55.8,551
2215,マロングラッセ,1.1,0.3,77.4,303
2216,板ガム,0,0,96.9,388
2217,糖衣ガム,0,0,97.6,390
2218,風船ガム,0,0,96.7,387
2219,カスタードクリーム,5.1,7.6,24.8,174
2220,しるこ　こしあん,4.7,0.3,48.7,211
2221,しるこ　つぶしあん,4.2,0.4,40.5,179
2222,チョコレートクリーム,4.6,32.0,47.3,481
2223,清酒　普通酒,0.4,Tr,4.9,107
2224,清酒　純米酒,0.4,Tr,3.6,102
2225,清酒　本醸造酒,0.4,0,4.5,106
2226,清酒　吟醸酒,0.3,0,3.6,103
2227,清酒　純米吟醸酒,0.4,0,4.1,102
2228,ビール　淡色,0.3,0,3.1,39
2229,ビール　黒,0.4,Tr,3.6,45
2230,ビール　スタウト,0.5,Tr,4.9,62
2231,発泡酒,0.1,0,3.6,44
2232,ぶどう酒　白,0.1,Tr,2.0,75
2233,ぶどう酒　赤,0.2,Tr,1.5,68
2234,ぶどう酒　ロゼ,0.1,Tr,4.0,71
2235,紹興酒,1.7,Tr,5.1,126
2236,しょうちゅう　連続式蒸留しょうちゅう,0,0,0,203
2237,しょうちゅう　単式蒸留しょうちゅう,0,0,0,144
2238,しょうちゅう　泡盛,Tr,Tr,0,206
2239,ウイスキー,0,0,0,234
2240,ブランデー,0,0,0,234
2241,ウオッカ,0,0,Tr,237
2242,ジン,0,Tr,0.1,280
2243,ラム,0,Tr,0.1,237
2244,マオタイ酒,0,0,0,317
2245,梅酒,0.1,Tr,20.7,155
2246,合成清酒,0.1,0,5.3,108
2247,白酒,1.9,Tr,48.1,236
2248,みりん　本みりん,0.3,Tr,43.2,241
2249,みりん　本直し,0.1,Tr,14.4,179
2250,薬味酒,Tr,Tr,26.8,181
2251,キュラソー,Tr,Tr,26.4,319
2252,スイートワイン,0.1,0,13.4,125
2253,ペパーミント,0,0,37.6,300
2254,ベルモット　甘口タイプ,0.1,0,16.4,151
2255,ベルモット　辛口タイプ,0.1,0,3.7,113
2256,缶チューハイ　レモン風味,0,Tr,2.9,51
2257,玉露　茶,29.1,4.1,43.9,241
2258,玉露　浸出液,1.3,0,Tr,5
2259,抹茶　茶,29.6,5.3,39.5,237
2260,せん茶　茶,24.5,4.7,47.7,229
2261,せん茶　浸出液,0.2,0,0.2,2
2262,かまいり茶　浸出液,0.1,0,Tr,1
2263,番茶　浸出液,Tr,0,0.1,0
2264,ほうじ茶　浸出液,Tr,0,0.1,0
2265,玄米茶　浸出液,0,0,0,0
2266,ウーロン茶　浸出液,Tr,0,0.1,0
2267,紅茶　茶,20.3,2.5,51.7,234
2268,紅茶　浸出液,0.1,0,0.1,1
2269,コーヒー　浸出液,0.2,Tr,0.7,4
2270,コーヒー　インスタントコーヒー,14.7,0.3,56.5,287
2271,コーヒー　コーヒー飲料　乳成分入り　加糖,0.7,0.3,8.2,38
2272,ココア　ピュアココア,18.5,21.6,42.4,386
2273,ココア　ミルクココア,7.4,6.8,80.4,400
2274,青汁　ケール,13.8,4.4,70.2,312
2275,甘酒,1.7,0.1,18.3,76
2276,昆布茶,5.2,0.2,42.0,173
2277,スポーツドリンク,0,Tr,5.1,21
2278,果実色飲料,Tr,Tr,12.8,51
2279,コーラ,0.1,Tr,11.4,46
2280,サイダー,Tr,Tr,10.2,41
2281,ビール風味炭酸飲料,0.1,Tr,1.2,5
2282,なぎなたこうじゅ　浸出液,0,Tr,Tr,0
2283,麦茶　浸出液,Tr,0,0.3,1
2284,ウスターソース,1.0,0.1,27.1,122
2285,中濃ソース,0.8,0.1,30.9,132
2286,濃厚ソース,0.9,0.1,30.9,133
2287,お好み焼きソース,1.6,0.1,33.7,146
2288,トウバンジャン,2.0,2.3,7.9,49
2289,チリペッパーソース,0.7,0.5,12.8,58
2290,ラー油,0.1,99.8,Tr,887
2291,こいくちしょうゆ,7.7,0,7.9,77
2292,こいくちしょうゆ　減塩,8.1,Tr,9.0,68
2293,うすくちしょうゆ,5.7,0,5.8,60
2294,うすくちしょうゆ　低塩,6.4,Tr,7.6,77
2295,たまりしょうゆ,11.8,0,15.9,111
2296,さいしこみしょうゆ,9.6,0,15.9,102
2297,しろしょうゆ,2.5,0,19.2,87
2298,だししょうゆ,4.0,0,4.1,40
2299,照りしょうゆ,2.4,0,35.7,172
2300,食塩,0,0,0,0
2301,並塩,0,0,0,0
2302,減塩タイプ食塩　調味料含む,0,0,16.7,50
2303,減塩タイプ食塩　調味料不使用,0,0,0,0
2304,精製塩　家庭用,0,0,0,0
2305,精製塩　業務用,0,0,0,0
2306,黒酢,1.0,0,9.0,66
2307,穀物酢,0.1,0,2.4,37
2308,米酢,0.2,0,7.4,59
2309,果実酢　バルサミコ酢,0.5,0,19.4,116
2310,果実酢　ぶどう酢,0.1,Tr,1.2,36
2311,果実酢　りんご酢,0.1,0,2.4,41
2312,あごだし,0.1,0,0,0
2313,かつおだし　荒節,0.4,Tr,0,2
2314,かつおだし　本枯れ節,0.5,0,Tr,2
2315,昆布だし　水出し,0.1,Tr,0.9,4
2316,昆布だし　煮出し,0.1,0,1.3,5
2317,かつお・昆布だし　荒節・昆布だし,0.3,Tr,0.3,2
2318,かつお・昆布だし　本枯れ節・昆布だし,0.3,0,0.4,2
2319,しいたけだし,0.1,0,0.9,4
2320,煮干しだし,0.1,0.1,Tr,1
2321,鶏がらだし,0.9,0.4,Tr,7
2322,中華だし,0.8,0,Tr,3
2323,洋風だし,1.3,0,0.3,6
2324,固形ブイヨン,7.0,4.3,42.1,233
2325,顆粒おでん用,9.6,0.1,31.7,166
2326,顆粒中華だし,12.6,1.6,36.6,210
2327,顆粒和風だし,24.2,0.3,31.1,223
2328,なべつゆ　ストレート　しょうゆ味,1.0,0,4.1,20
2329,めんつゆ　ストレート,2.2,0,8.7,44
2330,めんつゆ　二倍濃縮,3.4,0,14.4,71
2331,めんつゆ　三倍濃縮,4.5,0,20.0,98
2332,ラーメンスープ　濃縮　しょうゆ味　ストレートしょうゆ味,3.3,11.7,9.9,157
2333,ラーメンスープ　濃縮　みそ味　ストレートみそ味,6.4,11.0,16.8,187
2334,甘酢,0.1,0,28.4,125
2335,エビチリの素,1.2,1.4,9.5,54
2336,オイスターソース,7.7,0.3,18.3,105
2337,黄身酢,6.3,13.1,20.0,222
2338,魚醤油　いかなごしょうゆ,13.9,0,2.1,64
2339,魚醤油　いしる　（いしり）,12.8,0,4.2,67
2340,魚醤油　しょっつる,6.1,0,1.1,29
2341,魚醤油　ナンプラー,9.1,0.1,2.7,47
2342,ごま酢,4.0,8.0,29.9,217
2343,ごまだれ,7.2,15.1,29.2,285
2344,三杯酢,0.9,0,17.8,94
2345,二杯酢,3.5,0,7.6,67
2346,すし酢　ちらし・稲荷用,0.1,0,34.9,159
2347,すし酢　にぎり用,0.2,0,14.3,81
2348,すし酢　巻き寿司・箱寿司用,0.1,0,23.8,117
2349,中華風合わせ酢,3.0,3.4,24.8,158
2350,デミグラスソース,2.9,3.0,11.0,82
2351,テンメンジャン,8.5,7.7,38.1,249
2352,冷やし中華のたれ,2.1,1.2,23.1,117
2353,ホワイトソース,1.8,6.2,9.2,99
2354,ぽん酢しょうゆ,3.4,0.1,7.4,49
2355,ぽん酢しょうゆ　市販品,3.7,0,10.8,62
2356,マーボー豆腐の素,4.2,6.3,10.4,115
2357,マリネ液,0.1,0,10.9,70
2358,ミートソース,3.8,5.0,10.1,96
2359,焼きそば粉末ソース,5.6,0.7,62.4,251
2360,焼き鳥のたれ,3.3,0,28.5,132
2361,焼き肉のたれ,4.3,2.2,32.3,165
2362,みたらしのたれ,0.9,0,30.8,127
2363,ゆずこしょう,1.3,0.8,9.3,37
2364,トマトピューレー,1.9,0.1,9.9,44
2365,トマトペースト,3.8,0.1,22.0,94
2366,トマトケチャップ,1.6,0.2,27.6,106
2367,トマトソース,2.0,0.2,8.5,41
2368,チリソース,1.8,0.1,26.3,112
2369,マヨネーズ　全卵型,1.4,76.0,3.6,669
2370,マヨネーズ　卵黄型,2.5,74.7,0.6,669
2371,マヨネーズタイプ調味料　低カロリータイプ,2.9,28.3,3.3,264
2372,フレンチドレッシング　分離液状,(Tr),31.5,12.4,331
2373,和風ドレッシング　分離液状,1.9,14.5,9.3,181
2374,和風ドレッシングタイプ調味料　ノンオイルタイプ,3.1,0.1,16.1,83
2375,ごまドレッシング,2.7,38.3,15.0,401
2376,サウザンアイランドドレッシング,0.3,39.2,12.8,393
2377,フレンチドレッシング　乳化液状,0.1,38.8,9.3,376
2378,米みそ　甘みそ,9.7,3.0,37.9,206
2379,米みそ　淡色辛みそ,12.5,6.0,21.9,182
2380,米みそ　赤色辛みそ,13.1,5.5,21.1,178
2381,米みそ　だし入りみそ,11.0,5.6,20.6,169
2382,米みそ　だし入りみそ　減塩,10.3,5.1,22.2,164
2383,麦みそ,9.7,4.3,30.0,184
2384,豆みそ,17.2,10.5,14.5,207
2385,減塩みそ,11.0,5.9,25.7,190
2386,即席みそ　粉末タイプ,21.9,9.3,43.0,321
2387,即席みそ　ペーストタイプ,8.9,3.7,15.4,122
2388,辛子酢みそ,5.0,2.1,44.6,219
2389,ごまみそ,9.4,9.9,32.9,245
2390,酢みそ,4.9,1.5,44.8,214
2391,練りみそ,5.5,1.7,59.1,267
2392,カレールウ,6.5,34.1,44.7,474
2393,ハヤシルウ,5.8,33.2,47.5,501
2394,お茶漬けの素　さけ,20.2,3.7,37.1,251
2395,キムチの素,5.3,1.0,26.0,126
2396,酒かす,14.9,1.5,23.8,215
2397,即席すまし汁,18.3,0.8,30.5,194
2398,ふりかけ　たまご,23.4,21.9,39.7,426
2399,みりん風調味料,0.1,0,55.7,226
2400,料理酒,0.2,Tr,4.7,88
2401,オールスパイス　粉,5.6,5.6,75.2,364
2402,オニオンパウダー,8.8,1.1,79.8,363
2403,からし　粉,33.0,14.3,43.7,435
2404,からし　練り,5.9,14.5,40.1,314
2405,からし　練りマスタード,4.8,10.6,13.1,175
2406,からし　粒入りマスタード,7.6,16.0,12.7,229
2407,カレー粉,13.0,12.2,63.3,338
2408,クローブ　粉,7.2,13.6,66.4,398
2409,こしょう　黒　粉,11.0,6.0,66.6,362
2410,こしょう　白　粉,10.1,6.4,70.1,376
2411,こしょう　混合　粉,10.6,6.2,68.3,369
2412,さんしょう　粉,10.3,6.2,69.6,375
2413,シナモン　粉,3.6,3.5,79.6,356
2414,しょうが　粉,7.8,4.9,72.5,365
2415,しょうが　おろし,0.7,0.6,8.6,41
2416,セージ　粉,6.4,10.1,66.9,377
2417,タイム　粉,6.5,5.2,69.8,342
2418,チリパウダー,15.0,8.2,60.1,374
2419,とうがらし　粉,16.2,9.7,66.8,412
2420,ナツメグ　粉,5.7,38.5,47.5,520
2421,にんにく　ガーリックパウダー　食塩無添加,19.9,0.8,73.8,380
2422,にんにく　ガーリックパウダー　食塩添加,19.9,0.8,73.8,382
2423,にんにく　おろし,4.7,0.5,37.0,170
2424,バジル　粉,21.1,2.2,50.6,307
2425,パセリ　乾,28.7,2.2,51.6,341
2426,パプリカ　粉,15.5,11.6,55.6,385
2427,わさび　粉　からし粉入り,16.5,4.4,69.7,384
2428,わさび　練り,3.3,10.3,39.8,265
2429,酵母　パン酵母　圧搾,16.5,1.5,12.1,105
2430,酵母　パン酵母　乾燥,37.1,6.8,43.1,307
2431,ベーキングパウダー,Tr,1.2,29.0,150
2432,青菜の白和え,4.2,3.4,10.5,81
2433,いんげんのごま和え,3.7,3.4,9.1,77
2434,わかめとねぎの酢みそ和え,3.8,0.9,16.3,85
2435,とん汁,1.5,1.5,2.0,26
2436,紅白なます,0.6,0.6,7.2,34
2437,卯の花いり,4.4,4.1,10.7,84
2438,親子丼の具,8.4,5.2,5.6,101
2439,牛飯の具,4.1,9.4,6.4,122
2440,切り干し大根の煮物,2.3,2.5,5.7,48
2441,きんぴらごぼう,1.4,4.5,11.3,84
2442,ぜんまいのいため煮,3.4,4.2,8.7,80
2443,筑前煮,4.4,3.5,10.2,85
2444,肉じゃが,4.3,1.3,13.0,78
2445,ひじきのいため煮,3.1,4.0,9.9,75
2446,アジの南蛮漬け,8.1,6.1,6.2,109
2447,松前漬け　しょうゆ漬,17.0,1.4,24.7,166
2448,チキンカレー,5.6,8.8,8.4,131
2449,ビーフカレー,2.4,9.0,8.1,119
2450,ポークカレー,2.8,8.6,7.7,116
2451,カニクリームコロッケ,5.1,17.1,22.0,255
2452,コーンクリームコロッケ,5.1,16.0,23.4,245
2453,ポテトコロッケ,5.3,12.6,25.2,226
2454,チキンシチュー,6.2,8.0,7.8,124
2455,ビーフシチュー,4.1,12.6,7.1,153
2456,素揚げ類　ミートボール,10.2,12.5,13.4,201
2457,かぼちゃのクリームスープ,1.5,3.9,10.1,73
2458,コーンクリームスープ　コーンクリームスープ,1.7,2.6,8.5,62
2459,コーンクリームスープ　粉末タイプ,8.1,13.7,67.4,425
2460,合いびきハンバーグ,13.4,12.2,10.0,197
2461,チキンハンバーグ,12.6,10.2,8.5,171
2462,豆腐ハンバーグ,9.9,9.2,8.4,142
2463,いかフライ,13.3,11.3,19.7,227
2464,えびフライ,15.9,11.6,20.5,236
2465,白身フライ,9.7,21.8,16.2,299
2466,メンチカツ,10.7,18.7,18.7,273
2467,いかフライ　冷凍,10.6,2.0,21.4,146
2468,えびフライ　冷凍,10.2,1.9,20.3,139
2469,コロッケ　クリームコロッケ　冷凍,4.7,6.3,20.9,159
2470,コロッケ　ポテトコロッケ　冷凍,4.6,4.9,25.3,157
2471,白身フライ　冷凍,11.6,2.7,19.3,148
2472,メンチカツ　冷凍,9.9,7.2,23.0,196
2473,えびグラタン,5.5,6.9,12.1,128
2474,そえびピラフ,3.3,2.3,29.8,146
2475,ぎょうざ,6.9,11.3,22.3,209
2476,しゅうまい,9.1,9.2,19.5,191
2477,中華ちまき,5.9,5.5,27.7,174
2478,酢豚,4.6,3.3,7.6,77
2479,八宝菜,5.8,3.2,3.8,64
2480,麻婆豆腐,7.8,6.8,3.8,104
2481,もやしのナムル,3.1,4.5,5.7,70